rawQuestionId,content,postId,score
"32027","It is worth noting that a lot of tools like Nant run on mono 'out of the box', i.e. mono nant.exe works","46075","1"
"88","Wine is actually using gettimeofday() to implement QueryPerformanceCounter() and it is known to make many Windows games work on Linux and Mac. Starts http://source.winehq.org/source/dlls/kernel32/cpu.c#L312 leads to http://source.winehq.org/source/dlls/ntdll/time.c#L448","1290","11"
"32027","@Rob G - Hey! That's my post! ;) For some other good examples, be sure to browse the NUnit source code. I work closely with Charlie whenever I can to make sure it is building and testing on Mono. He tries to run whenever he can as well.","46099","2"
"27266","Your ISP is probably more likely to traffic shape port 443 over 22, seeing as 22 requires more real-time responsiveness. Not really a programming question though, maybe you'll get a more accurate response somewhere else..","27274","2"
"27266","I'm not sure it's true that any given ssh packet "looks" the same as any given https packet. However, over their lifetime they don't behave the same way. The session set up and tear down don't look alike (SSH offer a plain text banner during initial connect, for one thing). Also, typically wouldn't an https session be short lived? Connect, get your data, disconnect, whereas ssh would connect and persist for long periods of time? I think perhaps using 443 instead of 22 might get past naive filters, but I don't think it would fool someone specifically looking for active attempts to bypass their filters. Is throttling ssh a common occurrence? I've experienced people blocking it, but I don't think I've experienced throttling. Heck, I usually use ssh tunnels to bypass other blocks since people don't usually care about it.","27280","5"
"33117","There are a couple of interesting projects you could look into. But first: does it have to be a CD-ROM? That's probably the slowest possible storage (well, apart from tape, maybe) you could use. What about a fast USB stick or a an IEE1394 hard-disk or maybe even an eSATA hard-disk? Okay, there are several Live-CDs that are designed to be very small, in order to e.g. fit on a business card sized CD. Some were also designed to be booted from a USB stick, back when that meant 64-128 MiByte: Damn Small Linux is one of the best known ones, however it uses a 2.4 kernel. There is a sister project called Damn Small Linux - Not , which has a 2.6 kernel (although it seems it hasn't been updated in years). Another project worth noting is grml , a Live-CD for system administration tasks. It does not boot into a graphic environment, and is therefore quite fast; however, it still contains about 2 GiByte of software compressed onto a CD-ROM. But it also has a smaller flavor, aptly named grml-small , which only contains about 200 MiByte of software compressed into 60 MiByte. Then there is Morphix , which is a Live-CD builder toolkit based on Knoppix . ("Morphable Knoppix"!) Morphix is basically a tool to build your own special purpose Live-CD. The last thing I want to mention is MachBoot . MachBoot is a super-fast Live-CD. It uses various techniques to massively speed up the boot process. I believe they even trace the order in which blocks are accessed during booting and then remaster the ISO so that those blocks are laid out contiguously on the medium. Their current record is less than 6 seconds to boot into a full graphical desktop environment. However, this also seems to be stale.","33261","4"
"33545","OpenOffice has a Basic interpreter which is largely compatible with VBA. This may help you with your Access applications. The OpenOffice versions should run on both Windows and Linux.","39343","1"
"2898","I find Geany ( http://geany.uvena.de/ ) quite good.","16333","8"
"33117","One key piece of advice I can give is that most LiveCDs use a compressed filesystem called squashfs to cram as much data on the CD as possible. Since you don't need compression, you could run the mksquashfs step (present in most tutorials) with -noDataCompression and -noFragmentCompression to save on decompression time. You may even be able to drop the squashfs approach entirely, but this would require some restructuring. This may actually be slower depending on your CD-ROM read speed vs. CPU speed, but it's worth looking into. This Ubuntu tutorial was effective enough for me to build a LiveCD based on 8.04. It may be useful for getting the feel of how a LiveCD is composed, but I would probably not recommend using an Ubuntu LiveCD. If at all possible, find a minimal LiveCD and build up with only minimal stripping out, rather than stripping down a huge LiveCD like Ubuntu. There are some situations in which the smaller distros are using smaller/faster alternatives rather than just leaving something out. If you want to get seriously hardcore, you could look at Linux From Scratch , and include only what you want, but that's probably more time than you want to spend.","33343","3"
"5078","It's important to follow security best practices wherever possible, but you don't want to make things unduly difficult for yourself or lose sleep worrying about keeping up with the latest exploits. In my experience, there are two key things that can help keep your personal server secure enough to throw up on the internet while retaining your sanity: 1) Security through obscurity Needless to say, relying on this in the 'real world' is a bad idea and not to be entertained. But that's because in the real world, baddies know what's there and that there's loot to be had. On a personal server, the majority of 'attacks' you'll suffer will simply be automated sweeps from machines that have already been compromised, looking for default installations of products known to be vulnerable. If your server doesn't offer up anything enticing on the default ports or in the default locations, the automated attacker will move on. Therefore, if you're going to run a ssh server, put it on a non-standard port (>1024) and it's likely it will never be found. If you can get away with this technique for your web server then great, shift that to an obscure port too. 2) Package management Don't compile and install Apache or sshd from source yourself unless you absolutely have to. If you do, you're taking on the responsibility of keeping up-to-date with the latest security patches. Let the nice package maintainers from Linux distros such as Debian or Ubuntu do the work for you. Install from the distro's precompiled packages, and staying current becomes a matter of issuing the occasional apt-get update && apt-get -u dist-upgrade command, or using whatever fancy GUI tool Ubuntu provides.","9218","5"
"17020","Please tell me what are you doing to /boot that you need more than 64MB on it? Unless you never intend to clean it, anything more is a waste of space. Kernel image + initrd + System.map won't take more than 10MB (probably less - mine weight 5MB) and you really don't need to keep more than two spares. And with the current prices of RAM - if you are needing swap, you'll be much better off buying more memory. Reserve 1GB for swap and have something monitoring it's usage (no swap at all is bad idea because the machine might lock up when it runs out of free memory).","30216","0"
"14911","I have recently came across dompdf which I have used to convert pages created in HTML into PDF documents. It uses PHP5 (assuming using PHP does not bother you). This is also assuming that you don't want to statically create HTML files on the file system and then convert them using some kind of command-line tool? One problem I found with dompdf is that you don't get a whole lot of configuration options natively, but it is open-source and doesn't seem to be too large, so you could probably jury-rig something up pretty easily.","18255","0"
"14911","If you do have a budget take a look at the following OpenEdge . I know that they did excatly what you want for us. A linux based PDF generation system. I'd ask what they can do for you. Val Cassidy is the persons name. BTW: I'm not getting anything for this and I don't even work for bespoke company anymore nor for OpenEdge ...","18277","0"
"27266","443, when used for HTTPS, relies on SSL (not SSH) for its encryption. SSH looks different than SSL, so it would depend on what your ISP was actually looking for, but it is entirely possible that they could detect the difference. In my experience, though, you'd be more likely to see some personal firewall software block that sort of behavior since it's nonstandard. Fortunately, it's pretty easy to write an SSL tunnel using a SecureSocket of some type. In general, they can see how much bandwidth you are using, whether or not the traffic is encrypted. They'll still know the endpoints of the connection, how long it's been open, and how many packets have been sent, so if they base their shaping metrics on this sort of data, there's really nothing you can do to prevent them from throttling your connection.","27463","4"
"18265","Here is an example of how to get some more info using a demangler. As you can see this one also logs the stacktrace to file. #include #include #include #include #include <cxxabi.h> void sig_handler(int sig) { std::stringstream stream; void * array[25]; int nSize = backtrace(array, 25); char ** symbols = backtrace_symbols(array, nSize); for (unsigned int i = 0; i < size; i++) { int status; char *realname; std::string current = symbols[i]; size_t start = current.find("("); size_t end = current.find("+"); realname = NULL; if (start != std::string::npos && end != std::string::npos) { std::string symbol = current.substr(start+1, end-start-1); realname = abi::__cxa_demangle(symbol.c_str(), 0, 0, &status); } if (realname != NULL) stream << realname << std::endl; else stream << symbols[i] << std::endl; free(realname); } free(symbols); std::cerr << stream.str(); std::ofstream file("/tmp/error.log"); if (file.is_open()) { if (file.good()) file << stream.str(); file.close(); } signal(sig, &sig_handler); }","41924","3"
"6812","I used Gizmo Daemon for my PowerMate under Debian - it supports fancy keyboard keys as well (although I haven't tried it for those keys). Hacking on gizmod to get it to do what I wanted was pretty easy. Gizmo Daemon","12282","0"
"33545","Here's a link to the Mono Migration Analyzer to get started. It will help you pinpoint Microsoft specific calls, but you'll probably have to do the db conversion and data access layer manually. You may be surprised - mono does have a System.Data.SqlClient namespace so you may not have much work to do.","33598","4"
"2898","I've just started using OSX. Free editors of note that I've discovered: Komodo by ActiveState. No debugger or regex editor (although one comes with Python, i.e. redemo.py) in free version but perfectly usable. ERIC , written in PyQT. Eclipse with PyDev is my preferred option for editing Python on all platforms. Nice clean GUI, decent debugger. Good syntax parsing etc.","30242","1"
"18265","If you are on systems with the BSD backtrace functionality available (Linux, OSX 1.5, BSD of course), you can do this programmatically in your signal handler. For example ( backtrace code derived from IBM example ): #include <execinfo.h> #include <signal.h> #include <stdio.h> #include <stdlib.h> void sig_handler(int sig) { void * array[25]; int nSize = backtrace(array, 25); char ** symbols = backtrace_symbols(array, nSize); for (int i = 0; i < nSize; i++) { puts(symbols[i]);; } free(symbols); signal(sig, &sig_handler); } void h() { kill(0, SIGSEGV); } void g() { h(); } void f() { g(); } int main(int argc, char ** argv) { signal(SIGSEGV, &sig_handler); f(); } Output: 0 a.out 0x00001f2d sig_handler + 35 1 libSystem.B.dylib 0x95f8f09b _sigtramp + 43 2 ??? 0xffffffff 0x0 + 4294967295 3 a.out 0x00001fb1 h + 26 4 a.out 0x00001fbe g + 11 5 a.out 0x00001fcb f + 11 6 a.out 0x00001ff5 main + 40 7 a.out 0x00001ede start + 54 This doesn't get bonus points for the optional features (except not requiring a GUI), however, it does have the advantage of being very simple, and not requiring any additional libraries or programs.","18406","7"
"2898","http://xkcd.com/378/","30257","133"
"14911","I did some searching, what about tbookdtd ? It's downloadable here but it hasn't been active since 2005. It appears to convert the xml to Latex, into PDF.","15131","0"
"28588","I personnally used phpMyID just for StackOverflow. It's a simple two-files PHP script to put somewhere on a subdomain. Of course, it's not as easy as installing a .deb, but since OpenID relies completely on HTTP, I'm not sure it's advisable to install a self-contained server...","28604","5"
"2898","When I searched for TextMate alternative for Linux, I ended up using Geany . It's not as powerfull, but still nice to work with. Great replacement for Kate.","7852","4"
"88","From my experience, and from what I've read across the internet, the answer is "No," it is not guaranteed. It depends on CPU speed, operating system, flavor of Linux, etc.","93","4"
"88","Maybe. But you have bigger problems. gettimeofday() can result in incorrect timings if there are processes on your system that change the timer (ie, ntpd). On a "normal" Linux, though, I believe the resolution of gettimeofday() is 10us. It can jump forward and backward and time, consequently, based on the processes running on your system. This effectively makes the answer to your question no. You should look into clock_gettime(CLOCK_MONOTONIC) for timing intervals. It suffers from several fewer issues due to things like multi-core systems and external clock settings. Also, look into the clock_getres() function.","98","63"
"88","The actual resolution of gettimeofday() depends on the hardware architecture. Intel processors as well as SPARC machines offer high resolution timers that measure microseconds. Other hardware architectures fall back to the system’s timer, which is typically set to 100 Hz. In such cases, the time resolution will be less accurate. I obtained this answer from High Resolution Time Measurement and Timers, Part I","99","9"
"30931","There are two parts to this. You need to register a new file type and then create a desktop entry for your application . The desktop entry associates your application with your new mime type. I thought that both Gnome and KDE (maybe only 4+?) used the freedesktop shared mime info spec , but I may well be wrong.","31827","10"
"30931","Use xdg-utils from freedesktop.org Portland . Register the icon for the MIME type: xdg-icon-resource install --context mimetypes --size 48 myicon-file-type.png x-application-mytype Create a configuration file ( freedesktop Shared MIME documentation ): <?xml version="1.0"?> <mime-info xmlns='http://www.freedesktop.org/standards/shared-mime-info'> <mime-type type="application/x-mytype"> A witty comment Uno Commento </mime-type> </mime-info> Install the configuration file: xdg-mime install mytype-mime.xml This gets your files recognized and associated with an icon. xdg-mime default can be used for associating an application with the MIME type after you get a .desktop file installed.","31836","56"
"17020","@wvdschel: Don't create separate partitions for each user. Unused space on each partition is wasted. Instead create one partition for all users. Use quota if necessary to limit each user's space. It's much more flexible than partitioning or LVM. OTOH, one huge partition is usually a bit slower, depending on the file system.","30415","2"
"17020","Did you know 1TB can easily take up to half an hour to fsck ? Workstations usually crash and reboot more often than servers, so that can get quite annoying. Do you really need all that space?","30419","1"
"17020","I would go with a 1 GB for /boot, 100 GB for /, and the rest for /home. 1 GB is probably too high for /boot, but it's not like you'll miss it. 100 GB might seem like a lot for everything outside home, until you start messing around with Databases and realize that MySQL keeps databases in /var. Best to leave some room to grow in that area. The reason that I recommend using a separtate partition for /home, is that when you want to completely switch distros, or if the upgrade option on your distro of choice, for whatever reason doesn't work, or if you just want to start from scratch and do a clean system install, you can just format / and /boot, and leave home with all the user data intact.","30427","1"
"41643","One possibility may be to use mmap. You would map/unmap different parts of your data into the same virtual memory region. You could only have one set mapped at a time, but as long as there was enough physical memory, the data should stay resident.","41962","3"
"9279","How "real-time" do you want the syncing? I would still lean toward rsync since you know it is going to be fully supported on both platforms (Windows, too, with cygwin) and you can run it via a cron job. I have a super-simple bash file that I run on my system (this does not remove old files): #!/bin/sh rsync -avrz --progress --exclude-from .rsync_exclude_remote . remote_login@remote_computer:remote_dir # options # -a archive # -v verbose # -r recursive # -z compress Your best bet is to set it up and try it out. The -n (--dry-run) option is your friend! Keep in mind that rsync (at least in cygwin) does not support unicode file names (as of 16 Aug 2008).","9287","19"
"9279","You could always use version control, like SVN, so all you have to do is have the server run svn up on a folder every night. This runs into security issues if you are sharing your files publicly, but it works. If you are using Linux though, learn to use rsync. It's really not that difficult as you can test every command with -n. Go through the man page , the basic format you will want is rsync [OPTION...] SRC... [USER@]HOST:DEST the command I run from my school server to my home backup machine is this rsync -avi --delete ~ me@homeserv:~/School/ >> BackupLog.txt This takes all of the files in my home directory (~) and uses rsync's archive mode (-a), verbosly (-v), lists all of the changes made (-i), while deleting any files that don't exist anymore (--delete) and puts the in the Folder /home/me/School/ on my remote server. All of the information it prints out (what was copied, what was deleted, etc.) is also appended to the file BackupLog.txt I know that's a whirlwind tour of rsync, but I hope it helps.","9288","2"
"2898","The best I've found is gedit unfortunately. Spend a few hours with it and you'll discover it's not so bad, with plugins and themes. You can use the command line to open documents in it.","3203","2"
"2898","I use SciTE very small and simple text editor.","3205","10"
"2898","+1 for pico/nano -- lightweight, gets the job done, good help","3211","2"
"2898","Kate, the KDE Advanced Text Editor is quite good. It has syntax highlighting, block selection mode, terminal/console, sessions, window splitting both horizontal and vertical etc.","3217","25"
"41643","I assume you can modify the application. If so, the easiest thing would be to start the application several times (once for each 3GB chunk of video), have each one hold a chunk of video, and use another program to synchronize them so they each take control of the framebuffer (or other video output) in turn. The synchronization is going to be a little messy, perhaps, but it can be simplified if each app has its own framebuffer and the sync program points the video controller to the correct framebuffer inbetween frames when switching to the next app.","42007","1"
"9279","The rsync solutions are really good, especially if you're only pushing changes one way. Another great tool is unison -- it attempts to syncronize changes in both directions. Read more at the Unison homepage .","9302","2"
"2898","On Mac OS X, I have used BBEdit since the early 1990's, so I use that as my reference for all other editors. I sometimes use BBEdit to edit files on a Linux box using ftp mode, and that works very well if you have a fast network connection to the Linux box. I learned emacs two years ago because the rest of the programming team I joined uses it. I find emacs powerful but annoyingly old-fashioned in many ways, but once you have learned emacs, you can use it on any platform (Linux, OS X, Windows). This is the editor I use almost exclusively at work now. It is going to take me years to master all its features, though. I have also used gedit on Linux and found it very usable, but I haven't tried to use it as my primary editor for any project. I have a colleague at work who uses Komodo Edit 4.4 (free from activestate.com), running it on a Windows computer but using it in ftp mode so she can edit files on our Linux server. Komodo Edit has many nice features, but it takes a looonnnggg time to launch the first time.","3249","3"
"2898","I love TextMate on OSX. There is a kind of TextMate clone for Windows called simply "E" ( e-texteditor.com ). Its author promised that there will be a Linux version soon. Even if you already picked your favourite, TextMate (or E) is worth a look, simply because it is different. I would say that there are mainly four different families of text editors: classic menubar-based editors like WinEdit, Gedit or BBEdit Emacs and its brethren XEmacs, Aquamacs etc. VI / Vim / Cream and the like TextMate and E You can differenciate between these families by their different paradigms of usage: Classic editors rely mainly on a menubar and some Ctrl -key shortcuts. Emacs-style editing uses highly sophisticated keyboard commands like C-x-s and even whole words to evoke commands. VI is modebased and is operated by single-key commands or whole words. TextMate is based on Snippets and classic shortcuts. Emacs and TextMate are also easily extensible by user-created scripts in Lisp (Emacs) or any other command-line-language (TextMate). (Classic editors and VI are also extendable, but the effort is usually considerably bigger) I would recommend that everyone tried at least one good example of each of these families (if possible) and find out what suits them best.","7949","0"
"34588","You could always try doing a ulimit -n 2048 . This will only reset the limit for your current shell and the number you specify must not exceed the hard limit Each operating system has a different hard limit setup in a configuration file. For instance, the hard open file limit on Solaris can be set on boot from /etc/system. set rlim_fd_max = 166384 set rlim_fd_cur = 8192 On OS X, this same data must be set in /etc/sysctl.conf. kern.maxfilesperproc=166384 kern.maxfiles=8192 Under Linux, these settings are often in /etc/security/limits.conf. There are two kinds of limits: soft limits are simply the currently enforced limits hard limits mark the maximum value which cannot be exceeded by setting a soft limit Soft limits could be set by any user while hard limits are changeable only by root. Limits are a property of a process. They are inherited when a child process is created so system-wide limits should be set during the system initialization in init scripts and user limits should be set during user login for example by using pam_limits. There are often defaults set when the machine boots. So, even though you may reset your ulimit in an individual shell, you may find that it resets back to the previous value on reboot. You may want to grep your boot scripts for the existence ulimit commands if you want to change the default.","34645","171"
"24648","Take Mike Stone's advice and start with Minix. That's what Linus did! The textbook is really well written, and Tannenbaum does a great job of showing how the various features are implemented in a real system.","25702","1"
"24595","I'm not sure what you're asking here, but if you are simply looking for a text-editor, my recommendations would be: Console-based: jed (simple, with a DOS Edit-like menubar, supports syntax-highlighing) nano / pico (even simpler) X-based: Kate (KDE, syntax-highlighing) Mousepad (like notepad) SciTE (syntax-highlighing) There are of course likely to be a gazillion other text-editors better than the ones listed above, but these are the ones I tend to use.","24613","4"
"9279","To detect changed files, you could try fam (file alteration monitor) or inotify. The latter is linux-specific, fam has a bsd port which might work on OS X. Both have userspace tools that could be used in a script together with rsync.","9346","4"
"9279","It seems like perhaps you're solving the wrong problem. If you're trying to edit files on a remote computer then you might try using something like the ftp plugin for jedit. http://plugins.jedit.org/plugins/?FTP This ensures that you have only one version of the file so it can't ever be out of sync.","9353","1"
"15171","If you're talking about scripts created by a user that will be run from that users crontab, I typically put those in either a bin or scripts folder in the home directory, or if they're intended to be shared between users, a /usr/local/scripts directory.","15177","19"
"45252","You need multi-processing or multi-threading. You aren't specific on the details of the server, so I can't give you advice on what to do exactly. fork and exec as Matt suggested can be a solution, but really: what kind of protocol/server are we talking about?","46229","1"
"41643","My, what an interesting problem :) ( EDIT : Oh, I just read Rob's ram drive post...I got all excited by the problem...but have a bit more to suggest, so I won't delete) Would it be possible to... setup a multi-gigabyte ram disk, and then modify the program to do all it's reading from the "disk"? I'd guess the ram disk part is where all the problem would be, since the size of the ram disk would be OS and file system dependent. You might have to create multiple ram disks and have your code jump between them. Or maybe you could setup a RAID-0 stripe set over multiple ram disks. Or, if there are still OS limitations and you can afford to drop a couple grand (4k?), setup a hardware RAID-0 strip set with some of those new blazing fast solid state drives. Or... Fun, fun, fun. Be sure to follow up!","42105","1"
"15171","I'm a strong beleiver that if a file is made by a user, it goes in his user directory (/home/username) if he didn't make it then it gets more complicated. I have in the past just put them in either /usr/local/bin, /bin, or /usr/local/scripts, I'm not sure about etch, but you need to check to make sure that /usr/local/scripts is actually in Cron's $PATH.","15189","4"
"15171","You can also add paths to your crontab file as shown in a previous cron-related question .","15194","0"
"24648","Linux Device Drivers Linux Core Kernel Commentary Operating Systems Design and Implementation I had previously bought these books on recommendation for the same purpose but I never got to studying them myself so only take them as second-hand advice.","24667","5"
"24648","As a Linux user I'd say Linux has a great community for people to learn about the kernel. http://kernelnewbies.org is a great place to start asking questions and learning about how the kernel works. I can't make a book reccomendation, but once you've read the starting material on kernelnewbies the source is very well documented.","24668","7"
"5078","@svrist mentioned EC2. EC2 provides an API for opening and closing ports remotely. This way, you can keep your box running. If you need to give a demo from a coffee shop or a client's office, you can grab your IP and add it to the ACL.","24676","2"
"24648","In college, I had an operating systems class where we used a book by Tanenbaum . In the class, we implemented a device driver in the Minix operating system . It was a lot of fun, and we learned a lot. One thing to note though, if you pick Minix, it is designed for learning. It is a microkernel, while Linux and BSD are a monolithic kernel, so what you learn may not be 100% translatable to be able to work with Linux or BSD, but you can still gain a lot out of it, without having to process quite as much information. As a side note, if you've read Just for Fun , Linus actually was playing with Minix before he wrote Linux, but it just wasn't enough for his purposes.","24682","12"
"15211","There is an alternative called KDESVN which you might want to try. However, I have never used it, so I cannot vouch for it.","15225","2"
"40317","You might try a lazy unmount: umount -l","40320","254"
"40317","Try running lsof | grep /mnt/data That should list any process that is accessing /mnt/data that would prevent it from being unmounted.","40331","20"
"24648","Aside from the good books already mentioned (Opeating System Design & Implementation is particularly good), get a hold of a 1.x release Linux Kernel, load it into VMWare or VirtualBox and start playing around from there. You will need to spend a lot of time browsing source code. For this, check out http://lxr.linux.no/ which is a browsable linked version of the source and makes life a lot easier. For the very first version of Linux (0.01) check out http://lxr.linux.no/linux-old+v0.01/ . The fun begins at http://lxr.linux.no/linux-old+v0.01/boot/boot.s . As you progress from version to version, check out the ChangeLog and dig into those parts that have changed to save you re-reading the whole thing again. Once you've gotten a hold of the concepts, look at 2.0, then 2.2, etc. Be prepared to sink A LOT of time into the process.","24732","6"
"14032","No recommendations as such, but, You might want to broaden your search to Eclipse plugins such as http://eclipse-erd.sourceforge.net/ . Apart from that there are various ERD tools you have to pay for like Data Architect .","14091","1"
"14032","Check out SQL Developer: [ http://sqldeveloper.solyp.com/download/index.html]","14112","2"
"45252","The question is a little unclear to me, but I suspect the answer you are looking for is to have a single process accepting tasks from the network, and then forking off 'worker processes' to actually perform the work (before returning the result to the user). In that way, the work which is being done does not block the acceptance of more requests. As you point out, the term load balancing carries the implication of multiple servers - what you want to look for is information about how to write a linux network daemon. The two kes system calls you'll want to look at are called fork and exec .","45272","2"
"24648","When I was at uni I spent a semester studying operating systems, and as part of this had an assignment where we had to implement a RAM-based filesystem in Linux. It was a fantastic way to get to understand the internals of the Linux keurnel and to get a grasp on how everything fits together - And a heck of a lot of fun playing around with how it interacts with standard tools too.","24794","0"
"45252","It sounds like you just need to integrate your server with xinetd . This is a server that listens on predefined ports (that you control through config) and forks off processes to handle the actual communication on that port.","45356","2"
"24648","There's no substitute for diving into the code. Try to find a driver or subsystem that you're interested in and poke around with it. With tools like VMware Workstation it's super easy to make whatever changes you want, snapshot the VM, and run your modified kernel. If the kernel panics on boot, who cares? Just jump back to the snapshot and fix the problem. For books, I strongly recommend Linux Kernel Development by Robert Love. It's a wonderfully written book -- lots of information, organized sanely, and humorous... not dry reading at all.","24803","1"
"6812","I can't say for certain because I'm not using Debian but if you're using Gnome the easiest way is to run gnome-keybinding-properties (System > Preferences > Keyboard Shortcuts) Instead of typing a shortcut such as Ctrl + M , hit the button on your keyboard. If you would prefer to do this via command line or with a different desktop environment, this may help: Unusual keys and keyboards","6821","2"
"45252","You also may want to go with a web server like nginx . It can load balance your app against multiple ports of the same app, and is commonly used to load balance Ruby on Rails apps (which are single threaded). The downside is that you need to run multiple copies of your app (one on each port) for this load balancing to work.","45370","2"
"5078","There are plenty of ways to do this that will work just fine. I would usually jsut use a .htaccess file. Quick to set up and secure enough . Probably not the best option but it works for me. I wouldn't put my credit card numbers behind it but other than that I dont really care.","5080","0"
"5078","Its safe and secure if you keep your voice down about it (i.e., rarely will someone come after your home server if you're just hosting a glorified webroot on a home connection) and your wits up about your configuration (i.e., avoid using root for everything, make sure you keep your software up to date). On that note, albeit this thread will potentially dwindle down to just flaming, my suggestion for your personal server is to stick to anything Ubuntu ( get Ubuntu Server here ); in my experience, the quickest to get answers from whence asking questions on forums (not sure what to say about uptake though). My home server security BTW kinda benefits (I think, or I like to think) from not having a static IP (runs on DynDNS). Good luck! /mp","5090","1"
"5078","Wow, you're opening up a can of worms as soon as you start opening anything up to external traffic. Keep in mind that what you consider an experimental server, almost like a sacrificial lamb, is also easy pickings for people looking to do bad things with your network and resources. Your whole approach to an externally-available server should be very conservative and thorough. It starts with simple things like firewall policies, includes the underlying OS (keeping it patched, configuring it for security, etc.) and involves every layer of every stack you'll be using. There isn't a simple answer or recipe, I'm afraid. If you want to experiment, you'll do much better to keep the server private and use a VPN if you need to work on it remotely.","5092","0"
"5078","This article has some of the best ways to lock things down: http://www.petefreitag.com/item/505.cfm Some highlights: Make sure no one can browse the directories Make sure only root has write privileges to everything, and only root has read privileges to certain config files Run mod_security The article also takes some pointers from this book: Apache Securiy (O'Reilly Press) As far as distros, I've run Debain and Ubuntu, but it just depends on how much you want to do. I ran Debian with no X and just ssh'd into it whenever i needed anything. That is a simple way to keep overhead down. Or Ubuntu has some nice GUI things that make it easy to control Apache/MySQL/PHP.","5108","5"
"32027","This shouldn't be a particularly difficult excercise. We do some fairly similar stuff on one of my projects since half of it runs on Java using Ant to run relevant targets, and the other half is .Net (C#) for the UI. The projects get run on windows machines for development, but the servers (Java) run linux, but in the UAT environment (linux) we need to run the nunits (integration tests). The real trick (not really a difficult trick) behind this is having a NAnt build file that can run in both environments which seems to be the same thing you're trying to do here. Of course you realise you'll need to install NAnt on Mono first: $ export MONO_NO_UNLOAD=1 $ make clean $ make $ mono bin/NAnt.exe clean build And then your build file needs to be written in such a way that it seperates concerns. Some parts of the build file written for windows will not work in linux for example. So you really just need to divide it up ito specific targets in the build file. After that, there are a number of ways you can run a specific targets from the command line. An example might look like this: You get the idea... You get the idea... You get the idea... For brevity, I've left both sides out. The neat thing is you can use NUnit as well as NAnt on both environments and that makes things really easy from a dependency point of view. And for each executable you can swap out for others that work in that environment, for example (xBuild for MSBuild, and svn for tortoise etc) For more help on Nunit etc on Mono, check out this fantastic post . Hope that helps, Cheers, Rob G","32317","8"
"5078","Be careful about opening the SSH port to the wild. If you do, make sure to disable root logins (you can always su or sudo once you get in) and consider more aggressive authentication methods within reason. I saw a huge dictionary attack in my server logs one weekend going after my SSH server from a DynDNS home IP server. That being said, it's really awesome to be able to get to your home shell from work or away... and adding on the fact that you can use SFTP over the same port, I couldn't imagine life without it. =)","5110","1"
"2898","I agree with Mike, though I'm a Vim die-hard. I've been using GEdit quite frequently lately when I'm doing lightweight Ruby scripting. The standard editor (plus Ruby code snippets) is extremely usable and polished, and can provide a nice reprieve from full-strength, always-on programming editors.","8309","1"
"52187","Would you be able to use a USB->RS232 adapter? I have a few, and they just use the FTDI driver. Then, you should be able to rename /dev/ttyUSB0 (or whatever gets created) as /dev/ttyS2 .","52232","5"
"6812","There's a few different ways to do so, the easiest generally being keytouch , which is probably available in the Debian repositories. The user manual is here . There is a chance that your keyboard won't work with it though.","12589","0"
"52239","Have you tried logging into Linux as your installed Oracle user then sqlplus "/ as sysdba" When you log in you'll be able to change your password. alter user sys identified by ; Good luck :)","52244","29"
"50182","OK, if you're under X11 and you want to get the kbd, you need to do a grab. If you're not, my only good answer is ncurses from a terminal. Here's how you grab everything from the keyboard and release again: /* Demo code, needs more error checking, compile * with "gcc nameofthisfile.c -lX11". /* weird formatting for markdown follows. argh! */ #include <X11/Xlib.h> int main(int argc, char **argv) { Display *dpy; XEvent ev; char *s; unsigned int kc; int quit = 0; if (NULL==(dpy=XOpenDisplay(NULL))) { perror(argv[0]); exit(1); } /* * You might want to warp the pointer to somewhere that you know * is not associated with anything that will drain events. * (void)XWarpPointer(dpy, None, DefaultRootWindow(dpy), 0, 0, 0, 0, x, y); */ XGrabKeyboard(dpy, DefaultRootWindow(dpy), True, GrabModeAsync, GrabModeAsync, CurrentTime); printf("KEYBOARD GRABBED! Hit 'q' to quit!\n" "If this job is killed or you get stuck, use Ctrl-Alt-F1\n" "to switch to a console (if possible) and run something that\n" "ungrabs the keyboard.\n"); /* A very simple event loop: start at "man XEvent" for more info. */ /* Also see "apropos XGrab" for various ways to lock down access to * certain types of info. coming out of or going into the server */ for (;!quit;) { XNextEvent(dpy, &ev); switch (ev.type) { case KeyPress: kc = ((XKeyPressedEvent*)&ev)->keycode; s = XKeysymToString(XKeycodeToKeysym(dpy, kc, 0)); /* s is NULL or a static no-touchy return string. */ if (s) printf("KEY:%s\n", s); if (!strcmp(s, "q")) quit=~0; break; case Expose: /* Often, it's a good idea to drain residual exposes to * avoid visiting Blinky's Fun Club. */ while (XCheckTypedEvent(dpy, Expose, &ev)) /* empty body */ ; break; case ButtonPress: case ButtonRelease: case KeyRelease: case MotionNotify: case ConfigureNotify: default: break; } } XUngrabKeyboard(dpy, CurrentTime); if (XCloseDisplay(dpy)) { perror(argv[0]); exit(1); } return 0; } Run this from a terminal and all kbd events should hit it. I'm testing it under Xorg but it uses venerable, stable Xlib mechanisms. Hope this helps. BE CAREFUL with grabs under X. When you're new to them, sometimes it's a good idea to start a time delay process that will ungrab the server when you're testing code and let it sit and run and ungrab every couple of minutes. It saves having to kill or switch away from the server to externally reset state. From here, I'll leave it to you to decide how to multiplex renderes. Read the XGrabKeyboard docs and XEvent docs to get started. If you have small windows exposed at the screen corners, you could jam the pointer into one corner to select a controller. XWarpPointer can shove the pointer to one of them as well from code. One more point: you can grab the pointer as well, and other resources. If you had one controller running on the box in front of which you sit, you could use keyboard and mouse input to switch it between open sockets with different renderers. You shouldn't need to resize the output window to less than full screen anymore with this approach, ever. With more work, you could actually drop alpha-blended overlays on top using the SHAPE and COMPOSITE extensions to get a nice overlay feature in response to user input (which might count as gilding the lily).","52266","7"
"5078","You could consider an EC2 instance from Amazon . That way you can easily test out "stuff" without messing with production. And only pay for the space,time and bandwidth you use.","5149","1"
"88","High Resolution, Low Overhead Timing for Intel Processors If you're on Intel hardware, here's how to read the CPU real-time instruction counter. It will tell you the number of CPU cycles executed since the processor was booted. This is probably the finest-grained counter you can get for performance measurement. Note that this is the number of CPU cycles. On linux you can get the CPU speed from /proc/cpuinfo and divide to get the number of seconds. Converting this to a double is quite handy. When I run this on my box, I get 11867927879484732 11867927879692217 it took this long to call printf: 207485 Here's the Intel developer's guide that gives tons of detail. #include <stdio.h> #include <stdint.h> inline uint64_t rdtsc() { uint32_t lo, hi; __asm__ __volatile__ ( "xorl %%eax, %%eax\n" "cpuid\n" "rdtsc\n" : "=a" (lo), "=d" (hi) : : "%ebx", "%ecx"); return (uint64_t)hi << 32 | lo; } main() { unsigned long long x; unsigned long long y; x = rdtsc(); printf("%lld\n",x); y = rdtsc(); printf("%lld\n",y); printf("it took this long to call printf: %lld\n",y-x); }","367","45"
"52187","I can think of three options: Implement RFC 2217 RFC 2217 covers a com port to TCP/IP standard that allows a client on one system to emulate a serial port to the local programs, while transparently sending and receiving data and control signals to a server on another system which actually has the serial port. Here's a high-level overview . What you would do is find or implement a client com port driver that would implement the client side of the system on your PC - appearing to be a real serial port but in reality shuttling everything to a server. You might be able to get this driver for free from Digi, Lantronix, etc in support of their real standalone serial port servers. You would then implement the server side of the connection locally in another program - allowing the client to connect and issuing the data and control commands as needed. It's probably non trivial, but the RFC is out there, and you might be able to find an open source project that implements one or both sides of the connection. Modify the linux serial port driver Alternately, the serial port driver source for Linux is readily available. Take that, gut the hardware control pieces, and have that one driver run two /dev/ttySx ports, as a simple loopback. Then connect your real program to the ttyS2 and your simulator to the other ttySx. Use two USB<-->Serial cables in a loopback But the easiest thing to do right now? Spend $40 on two serial port USB devices, wire them together (null modem) and actually have two real serial ports - one for the program you're testing, one for your simulator. -Adam","52303","6"
"2898","Vim is a nice upgrade for Vi, offering decent features and a more usable set of keybindings and default behaviour. However, graphical versions like GVim, KVim and even Cream are extremely lacking in my opinion. I've been using Geany a lot lately, but it also has its shortcomings. I just can't find something in the league of Programmers Notepad, Smultron or TextMate on Linux. A shame, since I want to live in an all open source cyberworld, I'm stuck hopping from one almost-right editor to another.","16984","0"
"2898","SciTE http://www.scintilla.org/SciTE.html","2903","2"
"2898","Emacs is a wonderful text editor. It has huge power once you become a power user. You can access a shell, have as many files open as you want in as many sub-windows and an extremely powerful scripting support that lets you add all kinds of neat features. I have been using a ruby-mode which adds syntax highlighting and whatnot to ruby, and the same exists for every major language. If you keep at it, you can use exclusively the keyboard and never touch the mouse, which increases your editing speed by a significant margin. If you want to start with something a lot more basic though, gedit is nice... it has built in syntax highlighting as well for most languages based on the filename extension. It comes with the OS as well (though emacs you can easily install with apt-get or some similar package finder utility). UPDATE: I think gedit is exclusively GUI based though, so it would be useful to learn emacs in case you are stuck with just a shell (it is fully featured in both shell and graphical mode). FURTHER UPDATE: Just FYI, I am not trying to push Emacs over Vim, it's just what I use, and it's a great editor (as I'm sure Vim is too). It is daunting at first (as I'm sure Vim is too), but the question was about text editors on Linux besides vi... Emacs seems the logical choice to me, but gedit is a great simple text editor with some nice features if that's all you are looking for.","2905","43"
"1005","A quick hack you can consider is doing a chmod on the file you're editing, save with vim, and then chmod back to what the file was originally. ls -l test.file (to see the permissions of the file) chmod 777 test.file [This is where you save in vim] chmod xxx test.file (restore the permissions you found in the first step) Of course I don't recommend this approach in a system where you're worried about security, as for a few seconds anyone can read/change the file without you realizing.","2930","-2"
"2898","I use pico or nano as my "casual" text editor in Linux/Solaris/etc. It's easy to come to grips with, and whilst you lose a couple of rows of text to the menu, at least it's easy to see how to exit, etc. You can even extend nano, I think, and add syntax highlighting.","2979","7"
"88","So it says microseconds explicitly, but says the resolution of the system clock is unspecified. I suppose resolution in this context means how the smallest amount it will ever be incremented? The data structure is defined as having microseconds as a unit of measurement, but that doesn't mean that the clock or operating system is actually capable of measuring that finely. Like other people have suggested, gettimeofday() is bad because setting the time can cause clock skew and throw off your calculation. clock_gettime(CLOCK_MONOTONIC) is what you want, and clock_getres() will tell you the precision of your clock.","522","9"
"82431","This guide is probably more info than you really requested, but webserver information is in there. It's Gentoo-specific, but you can apply the same information with minor translations to any other distro.","82459","6"
"82431","I think it depends on how familiar you are with linux. Certainly, many people do this for hobbyist websites. There are many aspects involved - you should begin with something simple like getting apache running and visible to the outside world.","82476","1"
"30931","1) in linux this is a function of your desktop environment rather than the os itself. 2) GNOME and KDE have different methods to accomplish this. 3) There's nothing stopping you from doing it both ways.","30939","4"
"82431","I would look into installing apache 99% of linux distributions will have a package for it. On ubuntu you can run: sudo apt-get install apache2 Are you considering hosting a web page locally for the internet? Or is this just for development etc.. If it's for an internet server, you will need a stable internet connection with a good upstream. You may also need a static IP address so you can setup DNS to point to the right place.","82486","1"
"82431","While I don't have an url to a good tutorial in english, I would just warn you that this is not something you should take lightly. Administrating a server involves getting your hands dirty in linux stuff and dealing with security can be pretty complex depending on your knowledge and requirements. So if you know nothing about it, you should be very careful and if the website you host has is of any commercial importance you are probably better off hiring a server admin.","82492","1"
"82530","when you use the svn:// URI it uses port 3690 and probably won't use http proxy","82547","0"
"82530","svn:// doesn't talk http, therefor there's nothing a http proxy could do. Any reason why http doesn't work? Have you considered https? If you really need it, you probably have to have port 3690 opened in your firewall.","82576","0"
"82530","If you can get SSH to it you can an SSH Port-forwarded SVN server. Use SSHs -L ( or -R , I forget, it always confuses me ) to make an ssh tunnel so that 127.0.0.1:3690 is really connecting to remote:3690 over the ssh tunnel, and then you can use it via svn co svn://127.0.0.1/....","82587","2"
"82530","In /etc/subversion/servers you are setting http-proxy-host , which has nothing to do with svn:// which connects to a different server usually running on port 3690 started by svnserve command. If you have access to the server, you can setup svn+ssh:// as explained here. Update : You could also try using connect-tunnel , which uses your HTTPS proxy server to tunnel connections: connect-tunnel -P proxy.company.com:8080 -T 10234:svn.example.com:3690 Then you would use svn checkout svn://localhost:10234/path/to/trunk","82600","62"
"60763","Some things to be prepared for: you'll be cross-compiling. The embedded device will use a MIPS, PowerPC, or ARM CPU but won't have enough CPU power, memory, or storage to compile its own kernel in a reasonable amount of time. An embedded system often uses a serial port as the console, and to lower the cost there is usually no connector soldered onto production boards. Debugging kernel panics is very difficult unless you can solder on a serial port connector, you won't have much information about what went wrong. The Linksys NSLU2 is a low-cost way to get a real embedded system to work with, and has a USB port to add peripherals. Any of a number of wireless access points can also be used, see the OpenWrt compatibility page. Be aware that current models of the Linksys WRT54G you'll find in stores can no longer be used with Linux: they have less RAM and Flash in order to reduce the cost. Cisco/Linksys now uses vxWorks on the WRT54G, with a smaller memory footprint. If you really want to get into it, evaluation kits for embedded CPUs start at a couple hundred US dollars. I'd recommend not spending money on these unless you need it professionally for a job or consulting contract.","61124","1"
"82530","If you're using the standard SVN installation the svn:// connection will work on tcpip port 3690 and so it's basically impossible to connect unless you change your network configuration (you said only Http traffic is allowed) or you install the http module and Apache on the server hosting your SVN server.","82601","0"
"5078","If you do run a Linux server from home, install ossec on it for a nice lightweight IDS that works really well. [EDIT] As a side note, make sure that you do not run afoul of your ISP's Acceptable Use Policy and that they allow incoming connections on standard ports. The ISP I used to work for had it written in their terms that you could be disconnected for running servers over port 80/25 unless you were on a business-class account. While we didn't actively block those ports (we didn't care unless it was causing a problem) some ISPs don't allow any traffic over port 80 or 25 so you will have to use alternate ports.","5316","1"
"15171","How about /home/username/bin? Add ~/bin to $PATH and make the script executable with chmod +x filename.","15374","2"
"74993","I use Zabbix extensively in production, which comes with a stack of useful defaults. Some examples of the sorts of things we've configured it to monitor: Network usage CPU usage (% user,system,nice times) Load averages (1m, 5m, 15m) RAM usage (real, swap, shm) Disc throughput Active connections (by port number) Number of processes (by process type) Ping time from remote location Time to SSL certificate expiry MySQL internals (query cache usage, num temporary tables in RAM and on disc, etc) Anything you can monitor with Zabbix, you can also attach triggers to - so it can restart failed services; or page you to alert about problems. Collect the data now, before performance becomes an issue. When it does, you'll be glad of the historical baselines, and the fact you'll be able to show what date and time problems started happening for when you need to hunt down and punish exactly which developer made bad changes :)","82856","3"
"82431","Just to point out; if this is a personal (home) server, as opposed to one in a corporate environment, then it's better not to bother hosting it - you won't necessarily have the bandwidth, and your ISP may not allow it. As mentioned above, you will also need a static IP address, and you'll need to set up DNS records to point to the correct location, which your domain vendor may or may not help you with.","82877","1"
"17020","If you partition your drive using LVM you won't have to worry about any individual partition running out of space in the future. Just move space around as necessary.","17030","6"
"88","@Bernard: I have to admit, most of your example went straight over my head. It does compile, and seems to work, though. Is this safe for SMP systems or SpeedStep? That's a good question... I think the code's ok. From a practical standpoint, we use it in my company every day, and we run on a pretty wide array of boxes, everything from 2-8 cores. Of course, YMMV, etc, but it seems to be a reliable and low-overhead (because it doesn't make a context switch into system-space) method of timing. Generally how it works is: declare the block of code to be assembler (and volatile, so the optimizer will leave it alone). execute the CPUID instruction. In addition to getting some CPU information (which we don't do anything with) it synchronizes the CPU's execution buffer so that the timings aren't affected by out-of-order execution. execute the rdtsc (read timestamp) execution. This fetches the number of machine cycles executed since the processor was reset. This is a 64-bit value, so with current CPU speeds it will wrap around every 194 years or so. Interestingly, in the original Pentium reference, they note it wraps around every 5800 years or so. the last couple of lines store the values from the registers into the variables hi and lo, and put that into the 64-bit return value. Specific notes: out-of-order execution can cause incorrect results, so we execute the "cpuid" instruction which in addition to giving you some information about the cpu also synchronizes any out-of-order instruction execution. Most OS's synchronize the counters on the CPUs when they start, so the answer is good to within a couple of nano-seconds. The hibernating comment is probably true, but in practice you probably don't care about timings across hibernation boundaries. regarding speedstep: Newer Intel CPUs compensate for the speed changes and returns an adjusted count. I did a quick scan over some of the boxes on our network and found only one box that didn't have it: a Pentium 3 running some old database server. (these are linux boxes, so I checked with: grep constant_tsc /proc/cpuinfo) I'm not sure about the AMD CPUs, we're primarily an Intel shop, although I know some of our low-level systems gurus did an AMD evaluation. Hope this satisfies your curiosity, it's an interesting and (IMHO) under-studied area of programming. You know when Jeff and Joel were talking about whether or not a programmer should know C? I was shouting at them, "hey forget that high-level C stuff... assembler is what you should learn if you want to know what the computer is doing!"","931","19"
"17020","If you want a classic setup, I'd go for a 50GB "/" partition, for all your application goodness, and split the rest across users, or a full 950GB for a single user. Endless diskspace galore!","17036","2"
"6812","Running Debian, I had the same issue. What I did is run xev and see what keycode those keys return. Microsoft likes to break standards a little, so some of the multimedia keys just won't work. But the ones that do will return a keycode. Then write a script with xmodmap to map those keys properly. The Gentoo Wiki has excellent documentation on how to do these things. I put my xmodmap script in ~/.kde/Autostart/ because I use kde, but you could just as easily put it in your home folder and have your .bashrc or .profile source it. Once you've mapped the keycodes, you can assign those keys to specific actions in your desktop environment.","20687","1"
"1005","A quick Google seems to give this advice: Don't try to edit if it's read-only. You might be able to change the permissions on the file. (Whether or not it will let you save is up to experimentation.) If you still edited anyway, save to a temporary file and then move it. http://ubuntuforums.org/showthread.php?t=782136","1006","1"
"17020","My standard strategy for normal "utility" boxes is to give them a swap partition twice the size of their RAM, a 1GB /boot partition and leave the rest as one vast partition. Whilst I see why some people want a separate /var, separate /home, etc., if I only have trusted users and I'm not running some production service, I don't think the reasons I've heard to date apply. Instead, I do my best to avoid any resizing, or any partition becoming too small - which is best achieved with one huge partition. As for the size of swap and /boot - if your machine has 4GB memory, you may not want to have double that in swap. It's nonetheless wise to at least have some. Even if you nonetheless have double, you're using a total of 9GB, for 0.9% of your new drive. /boot can be smaller than 1GB, this is just my standard "will not become full, ever" size.","17048","4"
"1005","Ryan's advice is generally good, however, if following step 3, don't move the temporary file; it'll have the wrong ownership and permissions. Instead, sudoedit the correct file and read in the contents (using :r or the like) of the temporary file. If following step 2, use :w! to force the file to be written.","1012","7"
"1005","In general, you can't change the effective user id of the vi process, but you can do this: :w !sudo tee myfile","1065","36"
"15171","personally I prefer /home/username/.bin This way the bin folder is hidden but you can still add it to the PATH and execute all scripts with the x-bit inside. I like my home directory to be clean (at first glance) with very few folders.","15476","2"
"14032","I'd definitely recommend Gliffy.com for simple ER diagrams; it's an online flash-based tool. I wrote a small review of it a week ago.","20999","5"
"78157","Here is some information about tuning pdflush for write-heavy operations.","83438","3"
"14911","Have you investigated PHP's documentation ? There's also PHP FAQ with a few different links. PHP primarily supports PDFlib .","15499","0"
"7260","For windows this is a good introduction and guide Here are some good ssh-agents for systems other than linux. Windows - pageant OS X - SSHKeychain","7481","5"
"24648","I haven't tried it myself, but you can go to Linux From Scratch and start building your own Linux distribution. Sounds like something that'll take a junkload of time, but will result in an intimate knowledge of the guts of the Linux kernel and how each part works. Of course, you can supplement this learning by following any of the other tips here.","25082","0"
"24648","Noting the lack of BSDs here, I figured I'd chip in: The Design and Implementation of the FreeBSD Operating System (dead-tree book) Unix and BSD Courses (courses and videos) FreeBSD Architecture Handbook (online book) I haven't taken any of the courses myself, but I've heard Marshall Kirk McKusick speak on other occasions, and he is really good at what he does. And of course the BSD man pages, which are an excellent resource as they are maintained to a far greater extent than your average Linux man-page. Take for instance the uvm(9) man-page, describing the virtual memory interface in OpenBSD. Not quite related, but I'll also recommend the video History of the Berkeley Software Distributions as it gives a nice introduction to the BSD parts of the UNIX history and culture as well as plenty of hilarious anectodes from back when.","25105","5"
"83899","Use the video4linux library. I've used it with a c++ program and was able to capture webcam frames within about an hour. (Very easy to use and setup)","83906","5"
"83899","There's the cheese gnome application. Really simple to use. Not too much features, just video capture.","83926","1"
"78157","Well obvious first, have you tried explicitly telling the file to flush? I also think there might be some ioctl you can use to do it, but I honestly haven't done much C/POSIX file programming. Seeing you're on a Linux kernel you should be able to tune and rebuild the kernel to something that suits your needs better, eg. much more frequent but then also smaller flushes to the permanent storage. A quick check in my man pages finds this: SYNC(2) Linux Programmer’s Manual SYNC(2) NAME sync - commit buffer cache to disk SYNOPSIS #include <unistd.h> void sync(void); Feature Test Macro Requirements for glibc (see feature_test_macros(7)): sync(): _BSD_SOURCE || _XOPEN_SOURCE >= 500 DESCRIPTION sync() first commits inodes to buffers, and then buffers to disk. ERRORS This function is always successful.","78200","0"
"37851","G'day, Have a look in /etc/init.d for something similar and use that as a basis. See also crontab, or maybe at, to run on a regular basis. cheers, Rob","37861","1"
"23715","Your best bet would be putting Apache httpd in front of port 80 and relay requests meant for other servers through Apache by using modules. Most popular scenario would be Tomcat behind Apache where you'll be able to run both php and jsp applications. I'm not familiar with CherryPy, so I can only suggest you look for an Apache module for CherryPy. Edit: This looks promising: http://tools.cherrypy.org/wiki/BehindApache","23718","0"
"23715","Alternatively, to Ishmaeel's correct answer, if you have a server with 2 network cards, you could have each server answer requests on different IP addresses.","23723","0"
"23715","You can't have two processes bound to the same port on the same IP address. You can add another IP address to the box and have each server listen on one. Another option is to proxy pass one server to the other. With Apache, you could do something like: NameVirtualHost * ServerName other.site.com # assumes CherryPy listens on port 8080 ProxyPass / http://127.0.0.1:8080/ ProxyPassReverse / http://127.0.0.1:8080/ That's a pretty quick example, but you can always check the ProxyPass documentation . Remember though, the application being proxyed to will get 127.0.0.1 in it's logs instead of the requester's IP address. Some web servers (apache does with mod_rpaf ) can substitute the X-Forwarded-For header in place of the wrong IP address. Possibly CherryPy has this?","23732","7"
"83899","There are "sealed" camera solutions out there with mini-webservers and an ethernet port on the back. Just plug it in to the network, set its IP, and open up a browser... in linux or wherever If you want to capture in linux, I once had a cheap webcam capturing single frames in a perl script, which could have been modified for real time - though that was about 10 years ago. Anyway, its possible :-/","86133","2"
"78157","Has a debugging aid, you could use strace to see what operations is taking time. There might be some surprising thing with the FAT/FAT32. Do you write into a single file, or in multiple file ? You can make a reading thread, that will maintain a pool of video buffer ready to be written in a queue. When a frame is received, it is added to the queue, and the writing thread is signaled Shared data empty_buffer_queue ready_buffer_queue video_data_ready_semaphore Reading thread : buf=get_buffer() bufer_to_write = buf_dequeue(empty_buffer_queue) memcpy(bufer_to_write, buf) buf_enqueue(bufer_to_write, ready_buffer_queue) sem_post(video_data_ready_semaphore) Writing thread sem_wait(vido_data_ready_semaphore) bufer_to_write = buf_dequeue(ready_buffer_queue) write_buffer buf_enqueue(bufer_to_write, empty_buffer_queue) If your writing threaded is blocked waiting for the kernel, this could work. However, if you are blocked inside the kerne space, then thereis nothing much you can do, except looking for a more recent kernel than your 2.6.10","84160","1"
"78157","Without knowing more about your particular circumstances, I can only offer the following guesses: Try using fsync()/sync() to force the kernel to flush data to the storage device more frequently. It sounds like the kernel buffers all your writes and then ties up the bus or otherwise stalls your system while performing the actual write. With careful calls to fsync() you can try to schedule writes over the system bus in a more fine grained way. It might make sense to structure the application in such a way that the encoding/capture (you didn't mention video capture, so I'm making an assumption here - you might want to add more information) task runs in its own thread and buffers its output in userland - then, a second thread can handle writing to the device. This will give you a smoothing buffer to allow the encoder to always finish its writes without blocking. One thing that sounds suspicious is that you only see this problem at a certain data rate - if this really was a buffering issue, I'd expect the problem to happen less frequently at lower data rates, but I'd still expect to see this issue. In any case, more information might prove useful. What's your system's architecture? (In very general terms.) Given the additional information you provided, it sounds like the device's throughput is rather poor for small writes and frequent flushes. If you're sure that for larger writes you can get sufficient throughput (and I'm not sure that's the case, but the file system might be doing something stupid, like updating the FAT after every write) then having an encoding thread piping data to a writing thread with sufficient buffering in the writing thread to avoid stalls. I've used shared memory ring buffers in the past to implement this kind of scheme, but any IPC mechanism that would allow the writer to write to the I/O process without stalling unless the buffer is full should do the trick.","78231","1"
"37851","Try Supervise, which is what qmail uses to keep track of it's services/startup applications: http://cr.yp.to/daemontools/supervise.html","37884","1"
"15171","For whom it interests, the Filesystem Hierarchy Standard (FHS) is a standards document and still a very good read. I describes the foundation for almost any Linux distribution and is officially endorsed e.g. by Debian and the Linux Standards Base (LSB). You won't find any positive answer for that question, though, since ... it's not defined ;-). Only thing I can say: Don't put in /bin (neither in /usr/bin). /usr/local/scripts is unusual as well. $HOME/bin seems to be an acceptable place, iff the script is only used by this single user.","35327","8"
"78157","Sounds like you're looking for linux realtime filesystems. Be sure to search Google et al for that. XFS has a realtime option, though I haven't played with it. hdparm might let you turn off the caching altogether. Tuning the filesystem options (turn off all the extra unneeded file attributes) might reduce what you need to flush, thus speeding the flush. I doubt that'd help much, though. But my suggestion would be to avoid using the stick as a filesystem at all and instead use it as a raw device. Stuff data on it like you would using 'dd'. Then elsewhere read that raw data and write it out after baking. Of course, I don't know if that's an option for you.","78281","2"
"78157","I'll throw out some suggestions, advice is cheap. make sure you are using a lower level API for writing to the disk, don't use user-mode caching functions like fopen, fread, fwrite use the lower level functions open, read, write . pass the O_SYNC flag when you open the file, this will cause each write operation to block until written to disk, which will remove the bursty behavior of your writes...with the expense of each write being slower. If you are doing reads/ioctls from a device to grab a chunk of video data, you may want to consider allocating a shared memory region between the application and kernel, otherwise you are getting hit with a bunch of copy_to_user calls when transferring video data buffers from kernel space to user space. You may need to validate that your USB flash device is fast enough with sustained transfers to write the data. Just a couple thoughts, hope this helps.","78284","5"
"14032","Look at Oracle JDeveloper (freeware). It is pure Java, so it will run on any platform. It will work against any database that you can connect to via JDBC. It builds database diagrams (and lots of other diagrams - it happens to be a complete Java IDE). It works with a concept of "offline database objects" stored in XML files. So if you have existing database objects, you start by capturing them into JDeveloper and then build your diagram. If you make changes to your offline objects, you can "reconcile" them back into your database, either as new objects (DROP-REPLACE) or as modifications (ALTER). Download at http://www.oracle.com/technology/software/products/jdev/index.html","65587","2"
"5078","If you're going to do this, spend a bit of money and at the least buy a dedicated router/firewall with a separate DMZ port. You'll want to firewall off your internal network from your server so that when (not if!) your web server is compromised, your internal network isn't immediately vulnerable as well.","12845","1"
"5078","Bit-Tech.Net ran a couple of articles on how to setup a home server using linux. Here are the links: Article 1 Article 2 Hope those are of some help.","12856","2"
"76700","Use < > | tee < > for piping a command < > into a file < > . This will also show the output.","78515","2"
"2898","You can try Emacs with ruby-mode, Rinari (for Rails) and yasnippet which provides automatic snippets like Textmate.","4098","0"
"14032","As a stop gap, I've installed DBDesigner via Wine (I should have just done that first) since that's what my Windows developers are using, but will look at both of these as well. The Eclipse plugin would be ideal if it's decent. Thanks.","14598","0"
"22106","see this For a pseudo terminal pair such as ptyp3 and ttyp3, the pty... is the master or controlling terminal and the tty... is the slave. There are only 16 ttyp's: ttyp0-ttypf (f is a hexadecimal digit). To get more pairs, the 3 letters q, r, s may be used instead of p . For example the pair ttys8, ptys8 is a pseudo terminal pair. The master and slave are really the same "port" but the slave is used by the application program and the master is used by a network program (or the like) which supplies (and gets) data to/from the slave port.","22113","1"
"22106","And this: http://lists.opensuse.org/archive/opensuse/2003-12/msg02404.html","22118","0"
"22106","In the Linux devices.txt file in the kernel docs it says: 3 char Pseudo-TTY slaves 0 = /dev/ttyp0 First PTY slave 1 = /dev/ttyp1 Second PTY slave ... 255 = /dev/ttyef 256th PTY slave These are the old-style (BSD) PTY devices; Unix98 devices are on major 136 and above. and goes on to say 4 char TTY devices 0 = /dev/tty0 Current virtual console 1 = /dev/tty1 First virtual console ... 63 = /dev/tty63 63rd virtual console 64 = /dev/ttyS0 First UART serial port ... 255 = /dev/ttyS191 192nd UART serial port UART serial ports refer to 8250/16450/16550 series devices. Older versions of the Linux kernel used this major number for BSD PTY devices. As of Linux 2.1.115, this is no longer supported. Use major numbers 2 and 3. I don't know how much this helps you, but should get you started in the right direction.","22124","0"
"78157","Doing your own flush()ing sounds right to me - you want to be in control, not leave it to the vagaries of the generic buffer layer. This may be obvious, but make sure you're not calling write() too often - make sure every write() has enough data to be written to make the syscall overhead worth it. Also, in the other direction, don't call it too seldom, or it'll block for long enough to cause a problem. On a more difficult-to-reimplement track, have you tried switching to asynchronous i/o? Using aio you could fire off a write and hand it one set of buffers while you're sucking video data into the other set, and when the write finishes you switch sets of buffers.","85358","0"
"1005","% is replaced with the current file name, thus you can use: :w !sudo tee % ( vim will detect that the file has been changed and ask whether you want to it to be reloaded. Say yes by choosing [L] rather than OK.) As a shortcut, you can define your own command. Put the following in your .vimrc : command W w !sudo tee % >/dev/null With the above you can type :W to save the file. Since I wrote this, I have found a nicer way (in my opinion) to do this: cmap w!! w !sudo tee >/dev/null % This way you can type :w!! and it will be expanded to the full command line, leaving the cursor at the end, so you can replace the % with a file name of your own, if you like.","37042","310"
"45252","i am thinking to run multiple application similar to ypops .","48197","0"
"18265","Dereks solution is probably the best, but here's an alternative anyway: Recent Linux kernel version allow you to pipe core dumps to a script or program. You could write a script to catch the core dump, collect any extra information you need and mail everything back. This is a global setting though, so it'd apply to any crashing program on the system. It will also require root rights to set up. It can be configured through the /proc/sys/kernel/core_pattern file. Set that to something like ' | /home/myuser/bin/my-core-handler-script'. The Ubuntu people use this feature as well.","24039","2"
"2898","I like the versatility of jEdit ( http://www.jedit.org ), its got a lot of plugins, crossplatform and has also stuff like block selection which I use all the time. The downside is, because it is written in java, it is not the fastest one.","8815","9"
"15211","I would recommend SVN Access: http://www.jaj.com/projects/svnaccess/ or http://freshmeat.net/projects/svnaccess/ I have used it as is, and have modified it for an enterprise-wide solution at my day job.","85541","4"
"45252","nginx is great but if you don't fancy a whole new web server, apache 2.2 with mod proxy balancer will do the same job","48219","0"
"15816","As far as I know there's no way to change the client's resolution just using VNC, as it is just a "monitor mirroring" application. TightVNC however (which is a VNC client and server application) can resize the screen on the client side, i.e. making everything a little smaller (similar to image resizing techniques in graphics programs). That should work if you don't use too small font sizes. VNC should theoretically be compatible between different VNC applications.","15824","0"
"48235","Read this article on Chrome and Open Source on Linux: http://arstechnica.com/journals/linux.ars/2008/09/02/google-unveils-chrome-source-code-and-linux-port The Google V8 JavaScript Engine is also open source and available here if you want to contribute; http://code.google.com/p/v8/ If you want to contribute on Chronium, here are the instructions: http://dev.chromium.org/developers/contributing-code Chromium is an open-source browser project that aims to build a safer, faster, and more stable way for all Internet users to experience the web. This site contains design documents, architecture overviews, testing information, and more to help you learn to build and work with the Chromium source code. Here is how you can get started: http://dev.chromium.org/developers/how-tos/getting-started EDIT: Two more questions was added to the original question. Building on Linux requires the following software: Subversion >= 1.4 pkg-config >= 0.20 Python >= 2.4 Perl >= 5.x gcc/g++ >= 4.2 bison >= 2.3 flex >= 2.5.34 gperf >= 3.0.3 libnss3-dev >= 3.12 On Ubuntu 8.04, you can fetch all of the above as follows: $ sudo apt-get install subversion pkg-config python perl g++ bison flex gperf libnss3-dev Note : There is no working Chromium-based browser on Linux. Although many Chromium submodules build under Linux and a few unit tests pass, all that runs is a command-line "all tests pass" executable.","48236","5"
"2898","TextMate is a great editor, and there is a way to replicate some of the functionality in GEdit. Check the article out here: http://rubymm.blogspot.com/2007/08/make-gedit-behave-roughly-like-textmate.html to modify GEdit to behave like TextMate.","10416","0"
"15816","I think that depends on your window manager. I'm a windows user, so this might be a wrong guess, but: Isn't there something called X-Server running on linux machines - at least on ones that might be interesting targets for VNC - that you can connect to with "X-Clients"? VNC just takes everything that's on the screen and "tunnels it through your network". If I'm not totally wrong then the "X" protocol should give you the chance to use your client's desktop resolution. Give X-Server on Wikipedia a try, that might give you a rough overview.","15865","-3"
"75340","I would recomment to shell out call to "xsltproc", which comes with the libxslt libraries in linux and does the work. Or if you are using JRuby by any chance, then you have several xslt parsers for java that you can really really easily use from your ruby program.","81045","1"
"9279","You can also use Fetch as an SFTP client, and then edit files directly on the server from within that. There are also SSHFS (mount an ssh folder as a Volume) options. This is in line with what stimms said - are you sure you want stuff kept in sync, or just want to edit files on the server? OS X has it's own file notifications system - this is what Spotlight is based upon. I haven't heard of any program that uses this to then keep things in sync, but it's certainly conceivable. I personally use RCS for this type of thing:- whilst it's got a manual aspect, it's unlikely I want to push something to even the test server from my dev machine without testing it first. And if I am working on a development server, then I use one of the options given above.","14718","0"
"83899","openCV will allow you to capture individual frames from a camera and save to disk. If you need to then manipulate these to create a video, I would suggest netpbm, a pretty powerful set of command line tools you can use with some shell scripting to make a video or do whatever it is you need.","89364","1"
"15816","I think your best best is to run the VNC server with a different geometry on a different port. I would try based on the man page $vncserver :0 -geometry 1600x1200 $vncserver :1 -geometry 1440x900 Then you can connect from work to one port and from home to another. Edit: Then use xmove to move windows between the two x-servers.","15926","26"
"8940","I believe you can set the desired solution up by rerunning the vmware configuration script. And doing a custom network setup, so that both NIC's are mapped to your vmware instance. I would recommend making eth0 the 2nd NIC since it will be easier for Linux to use by default. Then make eth1 the 1st NIC.","8996","2"
"15816","I'm not sure about linux, but under windows, tightvnc will detect and adapt to resolution changes on the server. So you should be able to VNC into the workstation, do the equivalent of right-click on desktop, properties, set resolution to whatever, and have your client vnc window resize itself accordingly.","15952","1"
"74993","I typically watch top and tail -f /var/log/auth.log .","75020","-1"
"7260","If you have SSH installed, you should be able to run.. ssh-keygen Then go through the steps, you'll have two files, id_rsa and id_rsa.pub (the first is your private key, the second is your public key - the one you copy to remote machines) Then, connect to the remote machine you want to login to, to the file ~/.ssh/authorized_keys add the contents of your that id_rsa.pub file. Oh, and chmod 600 all the id_rsa* files (both locally and remote), so no other users can read them: chmod 600 ~/.ssh/id_rsa* Similarly, ensure the remote ~/.ssh/authorized_keys file is chmod 600 also: chmod 600 ~/.ssh/authorized_keys Then, when you do ssh remote.machine , it should ask you for the key's password, not the remote machine. To make it nicer to use, you can use ssh-agent to hold the decrypted keys in memory - this means you don't have to type your keypair's password every single time. To launch the agent, you run (including the back-tick quotes, which eval the output of the ssh-agent command) `ssh-agent` On some distros, ssh-agent is started automatically. If you run echo $SSH_AUTH_SOCK and it shows a path (probably in /tmp/) it's already setup, so you can skip the previous command. Then to add your key, you do ssh-add ~/.ssh/id_rsa and enter your passphrase. It's stored until you remove it (using the ssh-add -D command, which removes all keys from the agent)","9095","108"
"1005","When you go into insert mode on a file you need sudo access to edit, you get a status message saying -- INSERT -- W10: Warning: Changing a readonly file If I miss that, generally I do :w ~/edited_blah.tmp :q ..then.. sudo "cat edited_blah.tmp > /etc/blah" ..or.. sudo mv edited_blah.tmp /etc/blah There's probably a less roundabout way to do it, but it works.","9113","3"
"5078","One thing you should be sure to consider is what ports are open to the world. I personally just open port 22 for SSH and port 123 for ntpd. But if you open port 80 (http) or ftp make sure you learn to know at least what you are serving to the world and who can do what with that. I don't know a lot about ftp, but there are millions of great Apache tutorials just a Google search away.","9195","2"
"74993","As many as you can afford to, and can then graph/understand/look at the results. Monitoring resources is useful for not only capacity planning, but anomaly detection, and anomaly detection significantly helps your ability to detect security events. You have a decent start with your basic graphs. I'd want to also monitor the number of threads, number of connections, network I/O, disk I/O, page faults (arguably this is related to memory usage), context switches. I really like munin for graphing things related to hosts.","75024","6"
"38288","Without a home directory sudo useradd myuser With home directory sudo useradd -m myuser Then set the password sudo passwd myuser Then set the shell sudo usermod -s /bin/bash myuser","38289","141"
"38288","There's basicly 2 commands to do this... useradd adduser (which is a frendlier front end to useradd) You have to run them has root. Just read their manuals to find out how to use them.","38296","17"
"74993","In addition to top and auth.log, I often look at mtop, and enable mysql's slowquerylog and watch mysqldumpslow. I also use Nagios to monitor CPU, Memory, and logged in users (on a VPS or dedicated server). That last lets me know when someone other than me has logged in.","75036","0"
"74993",""df -h" to make sure that no partition runs full which can lead to all kinds of funky problems, watching the syslog is of course also useful, for that I recommend installing "logwatch" ( Logwatch Website ) on your server which sends you an email if weird things start showing up in your syslog.","75054","1"
"87758","dd if=/dev/floppy0 of=animage.bin conv=noerror","89689","0"
"89745","I'm not sure that can be found in /proc . You could try using the getuid() function or the $USER environment variable.","89763","3"
"89745","Why not just use " id -u "?","89765","6"
"89745","Most likely, you either want to check the $USER environment variable. Other options include getuid and id -u , but searching /proc is certainly not the best method of action.","89778","1"
"89745","As far as I know, /proc is specific to Linux, it's not in UNIX in general. If you really just want the current UID, use the getuid() or geteuid() function. If you know you'll be on Linux only, you can explore the hierarchy under /proc/self/* , it contains various information about the current process. Remember that /proc is "magical", it's a virtual filesystem the kernel serves and the contents is dynamically generated at the point you request it. Therefore it can return information specific for the current process. For example, try this command: cat /proc/self/status","89788","3"
"89745","In /proc/ process_id /status (at least on Linux) you'll find a line like this: Uid: 1000 1000 1000 1000 This tells you the uid of the user under whose account the process is running. However, to find out the process id of the current process you would need a system call, and then you might as well call getuid to get the uid directly. Edit: ah, /proc/self/status ... learning something new every day!","89797","1"
"89745","You actually want /proc/self/status , which will give you information about the currently executed process. Here is an example: $ cat /proc/self/status Name: cat State: R (running) Tgid: 17618 Pid: 17618 PPid: 3083 TracerPid: 0 Uid: 500 500 500 500 Gid: 500 500 500 500 FDSize: 32 Groups: 10 488 500 VmPeak: 4792 kB VmSize: 4792 kB VmLck: 0 kB VmHWM: 432 kB VmRSS: 432 kB VmData: 156 kB VmStk: 84 kB VmExe: 32 kB VmLib: 1532 kB VmPTE: 24 kB Threads: 1 SigQ: 0/32268 SigPnd: 0000000000000000 ShdPnd: 0000000000000000 SigBlk: 0000000000000000 SigIgn: 0000000000000000 SigCgt: 0000000000000000 CapInh: 0000000000000000 CapPrm: 0000000000000000 CapEff: 0000000000000000 Cpus_allowed: 00000003 Mems_allowed: 1 voluntary_ctxt_switches: 0 nonvoluntary_ctxt_switches: 3 You probably want to look at the first numbers on the Uid and Gid lines. You can look up which uid numbers map to what username by looking at /etc/passwd , or calling the relevant functions for mapping uid to username in whatever language you're using. Ideally, you would just call the system call getuid() to look up this information, doing it by looking at /proc/ is counterproductive.","89802","8"
"74993","Beware the afore-mentioned slowquerylog in mysql. It should only be used when trying to figure out why some queries are slow. It has the side-effect of making ALL your queries slow while it's enabled. :P It's intended for debugging, not logging. Think 'passive monitoring' whenever possible. For instance, sniff the network traffic rather than monitor it from your server -- have another machine watch the packets fly back and forth and record statistics about them. (By the way, that's one of my favorites -- if you watch connections being established and note when they end, you can find a lot of data about slow queries or slow anything else, without putting any load on the server you care about.)","87035","1"
"38362","Any DVCS would likely work fine. My favorite is Bazaar . It would be easiest to keep your config files in .config, version that, and then symlink as appropriate. A benefit of DVCS is that you can version the per-machine config files as well, without interfering with versioning global configs.","38367","4"
"38362","Version control software isn't really great for home directories. Worse, some software doesn't really like the .svn folders or starts to interpret their contents. You could of course try to fix this with some very complex mirroring setup, but that's hard.","38376","0"
"38362","I've had the same problem, and built a tool on top of Subversion that adds permission, ownership and secontext tracking, keeps the .svn directories out of the actually versioned trees, and adds a concept of layers so you can for example track all your config related to development, which you then only check out on machines you use for developing. This has helped me organize my settings much better across the 50+ machines I log into. Here's the project page . It's still a little rough around the edges, but we also use it at work to version system configuration for our 60+ servers. In general, any version control system that uses some sort of metadata files to track stuff is going to cause you pain as is when actually using it.","38381","2"
"38362","Here's a Mozilla developer that's tried to do this: Version controlling my home dir , there's a couple of suggestions in the comments.","38393","0"
"33117","So, just as a final update for anyone reading this later - the tool I ended up using was "livecd-creator". My reason for choosing this tool was that it is available for RedHat-based distributions like CentOs, Fedora and RHEL - which are all distributions that my company supports already. In addition, while the project is very poorly documented it is extremely customizable. I was able to create a minimal LiveCD and edit the boot sequence so that it booted directly into the firmware updater instead of a bash shell. The whole job would have only taken an hour or two if there had been a README explaining the configuration file!","43658","1"
"90203","Generally optimization levels higher than -O2 (just -O3 for gcc but other compilers have higher ones) include optimizations that can increase the size of your code. This includes things like loop unrolling, lots of inlining, padding for alignment regardless of size, etc. Other compilers offer vectorization and inter-procedural optimization at levels higher than -O3 , as well as certain optimizations that can improve speed a lot at the cost of correctness (e.g., using faster, less accurate math routines). Check the docs before you use these things. As for performance, it's a tradeoff. In general, compiler designers try to tune these things so that they don't decrease the performance of your code, so -O3 will usually help (at least in my experience) but your mileage may vary. It's not always the case that really aggressive size-altering optimizations will improve performance (e.g. really aggressive inlining can get you cache pollution).","90228","14"
"90203","I found a web page containing some information about the different optimization levels. One thing a remember hearing somewhere is that optimization might actually break your program and that can be an issue. But I'm not sure how much of a an issue that is any longer. Perhaps todays compilers are smart enough to handle those problems.","90235","3"
"90203","Yes, a higher level can sometimes mean a better performing program. However, it can cause problems depending on your code. For example, branch prediction (enabled in -O1 and up) can break poorly written multi threading programs by causing a race condition. Optimization will actually decide something that's better than what you wrote, which in some cases might not work. And sometimes, the higher optimizations (-O3) add no reasonable benefit but a lot of extra size. Your own testing can determine if this size tradeoff makes a reasonable performance gain for your system. As a final note, the GNU project compiles all of their programs at -O2 by default , and -O2 is fairly common elsewhere.","90252","14"
"33117","Creating Your Own Custom Ubuntu 7.10 Or Linux Mint 4.0 Live-CD With Remastersys","33133","2"
"40317","If the NFS server disappeared and you can't get it back online, one trick that I use is to add an alias to the interface with the IP of the NFS server (in this example, 192.0.2.55). Linux The command for that is something roughly like: ifconfig eth0:fakenfs 192.0.2.55 netmask 255.255.255.255 Where 192.0.2.55 is the IP of the NFS server that went away. You should then be able to ping the address, and you should also be able to unmount the filesystem (use unmount -f). You should then destroy the aliased interface so you no longer route traffic to the old NFS server to yourself with: ifconfig eth0:fakenfs down FreeBSD and similar operating systems The command would be something like: ifconfig em0 alias 192.0.2.55 netmask 255.255.255.255 And then to remove it: ifconfig em0 delete 192.0.2.55 man ifconfig(8) for more!","64180","78"
"88","Reading the RDTSC is not reliable in SMP systems, since each CPU maintains their own counter and each counter is not guaranteed to by synchronized with respect to another CPU. I might suggest trying clock_gettime(CLOCK_REALTIME) . The posix manual indicates that this should be implemented on all compliant systems. It can provide a nanosecond count, but you probably will want to check clock_getres(CLOCK_REALTIME) on your system to see what the actual resolution is.","14807","3"
"88","You may be interested in Linux FAQ for clock_gettime(CLOCK_REALTIME)","14817","14"
"40317","Your NFS server disappeared. Ideally your best bet is if the NFS server comes back. If not, the "umount -f" should have done the trick. It doesn't ALWAYS work, but it often will. If you happen to know what processes are USING the NFS filesystem, you could try killing those processes and then maybe an unmount would work. Finally, I'd guess you need to reboot. Also, DON'T soft-mount your NFS drives. You use hard-mounts to guarantee that they worked. That's necessary if you're doing writes.","64264","4"
"28588","You might also look into setting up your own site as a delegate for another OpenID provider. That way, you can use your own custom URL, but not worry about security and maintenance as mentioned already. However, it's not very difficult, so it may not meet your criteria :) As an example, you would add this snippet of HTML to the page at your desired OpenID URL if you are using ClaimID as the OpenID provider: So when OpenID clients access your URL, they "redirect" themselves to the actual provider.","35659","10"
"15816","On the other hand, if there's a way to move an existing window from one X-server to another, that might solve the problem. I think you can use xmove to move windows between two separate x-servers. So if it works, this should at least give you a way to do what you want albeit not as easily as changing the resolution.","16126","1"
"2898","Try Scribes . It tries to be a TextMate replacement for Linux. 2020 edit: forgotten in the mists of history","72354","17"
"33117","Depends on your distro. Here's a good article you can check out from LWN.net There is a book I used which covers a lot of distros, though it does not cover creating a flash-bootable image. The book is Live Linux(R) CDs: Building and Customizing Bootables . You can use it with supplemental information from your distro of choice.","33171","1"
"2898","I've used Emacs for 20 years. It's great and it works everywhere. I also have TextMate, which I use for some things on the Mac (HTML mode is great). If you want to do Ruby development, Netbeans supports Ruby and it also runs on all platforms. http://www.netbeans.org/features/ruby/index.html I've seen some blogs, etc claiming that it's the best Ruby environment available.","49079","1"
"66606","% sudo apt-get install apache2-utils The command-not-found package in Ubuntu provides some slick functionality where if you type a command that can't be resolved to an executable (or bash function or whatever) it will query your apt sources and find a package that contains the binary you tried to execute. So, in this case, I typed ab at the command prompt: % ab The program 'ab' is currently not installed. You can install it by typing: sudo apt-get install apache2-utils bash: ab: command not found","66617","131"
"102382","Depending on which shell you use, you can set different profiles for login shells and mere regular new shells. In general you want to start ssh-agent for login shells, but not for every subshell. In bash these files would be .bashrc and .bash_login , for example. Most desktop linuxes these days run ssh-agent for you. You just add your key with ssh-add, and then forward the keys over to remote ssh sessions by running ssh -A","106720","0"
"102382","You can do: ssh-agent $SHELL This will cause ssh-agent to exit when the shell exits. They still won't be shared across sessions, but at least they will go away when you do.","106727","2"
"75340","Try the "libxslt-ruby" gem. It depends on the "libxmlr-ruby" bindings for libxml library, which you probably already have installed if you're developing on Linux.","75504","1"
"14911","I sounds like FPDF might be of help... Also, the creation of PDF documents is called "PDF printing". I believe that might help you find other resources.","14916","1"
"59194","Usually by reverse engineering the code. There might be legal issues in some countries, though. Reverse Engineering Reverse engineering Windows USB device drivers for the purpose of creating compatible device drivers for Linux Nvidia cracks down on third party driver development","59202","2"
"59194","This is a pretty vague question, but I would say reverse engineering . How they go about that is dependent on what kind of device it is and what is available for it. In many cases the device may have a similar core chipset to another device that can be modified to work.","59203","0"
"41643","How about creating a RAM drive and loading the file into that ... assuming the RAM drive supports the BIGMEM stuff for you. You could use multiple processes: each process loads a view of the file as a shared memory segment, and the player process then maps the segments in turn as needed.","41661","2"
"74993","Cacti is a good web-based monitoring/graphing solution. Very complete, very easy to use, with a large userbase including many large Enterprise-level installations. If you want more 'alerting' and less 'graphing', check out nagios . As for 'what to monitor', you want to monitor systems at both the system and application level, so yes: network/memory/disk i/o, interrupts and such over the system level. The application level gets more specific, so a webserver might measure hits/second, errors/second (non-200 responses), etc and a database might measure queries/second, average query fulfillment time, etc.","75776","1"
"87758","I think you'll find the best resource here . Also, if you're going to use raw dd, LIF format has 77 cylinders vs 80 for a normal floppy.","88447","2"
"104055","There is a package called yum-utils that builds on YUM and contains a tool called repoquery that can do this. $ repoquery --help | grep -E "list\ files" -l, --list list files in this package/group Combined into one example: $ repoquery -l time /usr/bin/time /usr/share/doc/time-1.7 /usr/share/doc/time-1.7/COPYING /usr/share/doc/time-1.7/NEWS /usr/share/doc/time-1.7/README /usr/share/info/time.info.gz On at least one RH system, with rpm v4.8.0, yum v3.2.29, and repoquery v0.0.11, repoquery -l rpm prints nothing. If you are having this issue, try adding the --installed flag: repoquery --installed -l rpm . DNF Update: To use dnf instead of yum-utils , use the following command: $ dnf repoquery -l time /usr/bin/time /usr/share/doc/time-1.7 /usr/share/doc/time-1.7/COPYING /usr/share/doc/time-1.7/NEWS /usr/share/doc/time-1.7/README /usr/share/info/time.info.gz","107520","462"
"67685","dont know if this will actually work but try using this command : cat yourVideos/*.flv >> big.flv this will probably damage meta information so after executing that command use "flvtool" (ruby script you can find it with google) to fix it.","107523","-2"
"59194","How do you reverse engineer something? You observe the input and output, and develop a set of rules or models that describe the operation of the object. Example: Let's say you want to develop a USB camera driver. The "black box" is the software driver. Develop hooks into the OS and/or driver so you can see the inputs and outputs of the driver Generate typical inputs, and record the outputs Analyze the outputs and synthesize a model that describes the relationship between the input and output Test the model - put it in place of the black box driver, and run your tests If it does everything you need, you're done, if not rinse and repeat Note that this is just a regular problem solving/scientific process. For instance, weather forecasters do the same thing - they observe the weather, test the current conditions against the model, which predicts what will happen over the next few days, and then compare the model's output to reality. When it doesn't match they go back and adjust the model. This method is slightly safer (legally) than clean room reverse engineering, where someone actually decompiles the code, or disassembles the product, analyzes it thoroughly, and makes a model based on what they saw. Then the model ( AND NOTHING ELSE ) is passed to the developers replicating the functionality of the product. The engineer who took the original apart, however, cannot participate because he might bring copyrighted portions of the code/design and inadvertently put them in the new code. If you never disassemble or decompile the product, though, you should be in legally safe waters - the only problem left is that of patents. -Adam","59252","7"
"87892","Network I/O is not a priority for AIO because everyone writing POSIX network servers uses an event based, non-blocking approach. The old-style Java "billions of blocking threads" approach sucks horribly. Disk write I/O is already buffered and disk read I/O can be prefetched into buffer using functions like posix_fadvise. That leaves direct, unbuffered disk I/O as the only useful purpose for AIO. Direct, unbuffered I/O is only really useful for transactional databases, and those tend to write their own threads or processes to manage their disk I/O. So, at the end that leaves POSIX AIO in the position of not serving any useful purpose. Don't use it.","88607","29"
"86047","imake produces Makefiles by running cpp, the C preprocessor, which usually has a variety of builtin definitions. You can get a list by running gcc -E -dM emptyfile.c","88676","2"
"75862","Need more info - what kind of image is it? is it a file that's a filesystem? if so you mount it like: mount -o loop rootfs.img /mnt/rootfs if it's a subdir of your filesystem that you'r exporting via nfs, you can simulat ethe environment you've created by chrooting to it: chroot /path/to/nfs/rootdir/","75887","3"
"83899","As mentioned, Use dvgrab to capture from a Firewire interface from the camera, then use tools such as ffmpeg (command line) or kino (simple gui video editor) to process the video as needed. PCI based Firewire cards are relatively inexpensive and easy to find. Here are some examples: continuous capture from firewire, autosplit every couple of minutes dvgrab --size 500 --autosplit watch the camera live dvgrab - | mplayer - Be aware that some recent distros (e.g. Fedora8) are using new but half-baked firewire drivers. However, Ubuntu works great.","109408","4"
"69692","I assume you connect the two serial ports using a "null modem" cable. Use a program like minicom to talk to remote system -- you probably need to set up the communication parameters and possibly turn off hardware flow control (if your cable doesn't have the flow-control lines connected).","69706","0"
"100170","I'd use the find command. find . -lname /particular/folder That will recursively search the current directory for symlinks to /particular/folder . Note that it will only find absolute symlinks. A similar command can be used to search for all symlinks pointing at objects called "folder": find . -lname '*folder' From there you would need to weed out any false positives.","100200","94"
"100170","find / -lname 'fullyqualifiedpathoffile'","100203","1"
"100170","For hardlinks, you can get the inode of your directory with one of the "ls" options ( -i , I think). Then a find with -inum will locate all common hardlinks. For softlinks, you may have to do an ls -l on all files looking for the text after "->" and normalizing it to make sure it's an absolute path.","100205","1"
"100170","There isn't really any direct way to check for such symlinks. Consider that you might have a filesystem that isn't mounted all the time (eg. an external USB drive), which could contain symlinks to another volume on the system. You could do something with: for a in `find / -type l`; do echo "$a -> `readlink $a`"; done | grep destfolder I note that FreeBSD's find does not support the -lname option, which is why I ended up with the above.","100208","6"
"100170","Apart from looking at all other folders if there are links pointing to the original folder, I don't think it is possible. If it is, I would be interested.","100212","2"
"113730","I would recommend to put the script into dhclient-exit-hooks.d. Because you should just change the DDNS entry, if the address change has been finished. However, I am not sure if dhclient-exit-hooks are called, if assigning an address fails. Edit: The man pages (man dhclient-script) says, that the exit-hooks script will get the exit code in a shell variable (exit_status). So you could check it.","113762","5"
"45252","Perhaps you can modify your client to round-robin ports (say) 1000-1009 and run 10 copies of the process? Alternatively there must be some way of internally refactoring it. It's possible for several processes to listen to the same socket at once by having it opened before calling fork(), but (if it's a TCP socket) once accept() is called the resulting socket then belongs to whichever process successfully accepted the connection. So essentially you could use: Prefork, where you open the socket, fork a specified number of children which then share the load Post-fork, where you have one master process which accepts all the connections and forks children to handle individual sockets Threads - you can share the sockets in whatever way you like with those, as the file descriptors are not cloned, they're just available to any thread.","110724","0"
"72936","First off, here's your question, nicely formatted (surround it in tags to get this): kt@rails-ubuntu:~/rails/ledger/releases/20080820144914/.git/hooks$ ls -al ls: cannot access post-commit: No such file or directory ls: cannot access update: No such file or directory ls: cannot access post-update: No such file or directory [snip] Anyway, you need to boot up in single-user mode and run fsck. If you can't reboot right now, just move the directory to /tmp and forget about it.","72988","5"
"50096","An alternative would be add the public half of the user's key to the authorized-keys file on the target system. On the system you are initiating the transfer from, you can run an ssh-agent daemon and add the private half of the key to the agent. The batch job can then be configured to use the agent to get the private key, rather than prompting for the key's password. This should be do-able on either a UNIX/Linux system or on Windows platform using pageant and pscp.","70299","-3"
"72936","(a) Looks like you have some kind of filesystem problems; I'd recommend you run fsck and see if it finds anything (b) Really not a programming-related question, so off-topic here.","73013","1"
"28588","I've actually done this (set up my own server using phpMyID). It's very easy and works quite well. One thing that annoys me to no end is the use of HTML redirects instead of HTTP. I changed that manually, based on some information gotten in the phpMyID forum . However, I have switched to myOpenId in the meantime. Rolling an own provider is fun and games but it just isn't secure ! There are two issues: More generally, you have to act on faith. phpMyID is great but it's developed in someone's spare time. There could be many undetected security holes in it – and there have been some, in the past. While this of course applies to all security-related software, I believe the problem is potentially more severe with software developed in spare time, especially since the code is far from perfect in my humble opinion. Secondly, OpenID is highly susceptible to screen scraping and mock interfaces. It's just too easy for an attacker to emulate the phpMyID interface to obtain your credentials for another site. myOpenId offers two very important solutions to the problem. The first is its use of a cookie-stored picture that is embedded in the login page. If anyone screen-scapes the myOpenId login page, this picture will be missing and the fake can easily be identified. Secondly, myOpenId supports sign-in using strongly signed certificates that can be installed in the web browser. I still have phpMyID set up as an alternative provider using Yadis but I wouldn't use it as a login on sites that I don't trust. In any case, read Sam Ruby's tutorial !","29691","7"
"73087","Yes, you're looking for the program 'xwininfo'. Run it in another terminal and then click on the window you want info about and it will give it to you. Hope this helps!","73155","23"
"73087","$ xwininfo xwininfo: Please select the window about which you would like information by clicking the mouse in that window. xwininfo: Window id: 0x1200007 "xeyes" Absolute upper-left X: 1130 Absolute upper-left Y: 0 Relative upper-left X: 0 Relative upper-left Y: 0 Width: 150 Height: 100 Depth: 24 Visual Class: TrueColor Border width: 0 Class: InputOutput Colormap: 0x20 (installed) Bit Gravity State: NorthWestGravity Window Gravity State: NorthWestGravity Backing Store State: NotUseful Save Under State: no Map State: IsViewable Override Redirect State: no Corners: +1130+0 -0+0 -0-924 +1130-924 -geometry 150x100-0+0","73221","7"
"35853","Working, usable and stable. It's well tested since quite a lot of mono's own low-level functionality has to be marshaled through it to the underlying operating system. There are some P/Invoke extensions when compared to Microsoft .Net implementation (after all they deal with a single OS family and three architectures at most). Most notable of those would be that library mappings transform the library name to OS-specific variants (e.g. mylib.dll searches for mylib.so on Linux, mylib.dylib on OS X and so on) and take into account various other system specific conventions. There is also a DLLMap configuration extension which can be used if the default name translations are not enough. Usually it's convenient to have the same API of the binary lib exposed on different OSes, so that migrating between platforms only requires changes in the C code, not the .Net part.","35873","29"
"79490","i dont think this information is saved between reboots. if shutting down properly you could run a command on shutdown that saves the uptime, that way you could read it back after booting back up.","79503","1"
"79490","the last command will give you the reboot times of the system. You could take the difference between each successive reboot and that should give the uptime of the machine. update 1800 INFORMATION answer is a better solution.","79515","34"
"83899","If you need to program, you're best off using GStreamer , a multimedia framework under Linux. Cheese, mentioned by jackbravo, is based on GStreamer, as is Flumotion , a streaming server I work on.","92449","4"
"83899","Another option is to use Firewire (IEEE1394) cameras, such as most common DV camcorders. They tend to work really well and give a lot better video than cheap web cams, and there is a plethora of tools in Linux for working with dv video, such as dvgrab .","92479","1"
"79490","This information is not normally saved. However, you can sign up for an online service that will do this for you. You just install a client that will send your uptime to the server every 5 minutes and the site will present you with a graph of your uptimes: http://uptimes-project.org/","79530","1"
"79490","This isn't stored between boots, but The Uptimes Project is a third-party option to track it, with software for a range of platforms. Another tool available on Debian is uptimed which tracks uptimes between boots.","79535","2"
"79490","You could create a simple script which runs uptime and dumps it to a file. uptime >> uptime.log Then set up a cron job for it.","79540","30"
"70453","I have been getting Python recommended all the time. It's supposed to let you do anything. For the small tasks i use shell scripts though.","70466","1"
"70453","I'd recommend bash, awk, and sed. bash - http://tldp.org/LDP/abs/html/ awk - http://www.uga.edu/~ucns/wsg/unix/awk/ http://www.grymoire.com/Unix/Awk.html sed - http://www.ce.berkeley.edu/~kayyum/unix_tips/sedtips.html http://www.grymoire.com/Unix/Sed.html Just some ideas.","70467","4"
"70453","On Linux? Choose your poison, basically. I like Python, others Ruby, still others Perl. Pick one and go for it. :-)","70468","-2"
"70453","I think it depends on how complex the tasks are you want to automate. Personally, I've always gone with shell-scripts, which enables you to call on awk, sed, grep, find, ls, cat, etc. which can be combined together to do pretty much anything you can achieve using perl or python. On the other hand, if the processes you want to automate are complex (e.g., not just a linear sequence of steps) then you'll probably find that writing the scripts in perl or python (or even ruby!) is much quicker and makes them easier to maintain.","70473","4"
"70453","I would usually say the one you know best which can achieve the results you want. Like all religious wars, and after learning a large number of languages, you realise that you can do most things in most languages (Note I did say most). I use Perl. It is maybe not as up to date as Python or Ruby, but it does have massive library support from CPAN. And I have not found anything I can't do in it yet. When I do I will look at other languages to find out which one can fill that gap. If I was starting today, maybe I would pick Python or Ruby, but I don't know enough about them to make a judgement call. Do any of your friends/colleagues know scripting languages. This could help you massively as the support when learning a new language is very important. Good luck","70486","1"
"70453","That depends on which type of automation you are doing like if it is testing autoamtion Perl is suggested because Perl is much powerful extension modules via CPAN, an online Perl module inventory. If you only need a handy tool to complete a simple source file, awk is very convenient. If you are planning to use the scripts to automate a big project, Perl is a better choice with more features. Again Python was designed from the start as an object-oriented language. Perl 5 has some o-o features added on, but it looks to me like an awkward retrofit. Python has well-implemented o-o features for multiple inheritance, polymorphism, and encapsulation.n summary, it seems to me that Python dominates Perl in most applications except for fairly short shell-script sorts of applications, and there they are roughly comparable.","70488","0"
"70453","Go for all three of them, start with bash/awk/sed plus fileutils (grep, find, and so on) and then move up the abstraction hierarchy with perl and python. That way you will be able to decide for yourself which one fits your needs best. I say start with bash and friends because they are ubiquitous, some machines will not have perl or python installed and you'll feel helpless there, especially in traditional unix land (ie, not linux)","70489","11"
"70453","Depends on the complexity and problem domain of the task at hand. Bash scripts are quick and dirty for simple system automation tasks. For more complex things than moving files around and running commands, I'd personally say Perl is next in line as the defacto sys-admin goto automation tool. For more focus on code reuse and readability/maintainability I'd want to step it up it up to Python or Ruby. PHP can also be used to automate tasks, however it is not widely accepted for this purpose in my experience. It really comes down to what language you are most interested in learning, most can be used for automation, in addition to many other things.","70500","3"
"14032","MySQL just officially released the alpha of "MySQL Workbech for linux": See the announcement here: MySQL Workbench 5.1 Alpha for Linux available .","103682","15"
"70453","Well, it's like this: Perl is not the most user friendly scripting language, but it has CPAN (Comprehensive Perl Archive Network), which contains thousands of libraries that implement almost anything you may think of, and Perl is really powerful when it comes to text processing. The disadvantage would be that perl code is kinda hard to maintain (if you don't know it very well). Python is a scripting language that is becoming more and more popular among scripters. It doesn't have a community like CPAN (yet), but it's more readable, and it's easier to maintain. It's as fast as perl. Ruby is the newest trend in scripting languages. Ruby is full OOP, which means that everything is an object. Its advantage is that the code is very readable, and it's pretty easy to learn, if you are a beginner. The main disadvantage is its execution speed, which kinda s*x.","70504","1"
"70453","The answer is: Whatever best fits the job! My rule of thumb; Bash - for a short script that might need a for loop to do something repetitively. Perl - anything to do with some kind of text processing or file processing, especially if it's a one off. Just do a dirty nasty perl script and be done with it Python - If it's something you might want to do again or something very like it. Then at least you have a chance of being able to reuse the script.","70507","50"
"70453","I prefer shell scripts only for very small tasks. Writing robust shell scripts requires a lot of knowledge about possible pitfalls, which you only learn by doing. But learning even the basics will increase your productivity a lot! If I need to have complex logic, I usually use Python. By complex I mean anything that has more than two if -statements =) Perl is okay for its original purpose, but be warned that many of the perlisms you learn are not applicable anywhere else. Python and Ruby are roughly equivalent. I'd recommend you learn one of them well and check out a tutorial on the other. I prefer Python but it really comes down to personal preference. To summarize: Learn basics of shell scripts. Learn at least Python or Ruby well.","70511","2"
"79490","Install uptimed . It does exactly what you want. Edit: You can apparantly include it in a PHP page as easily as this: <? system("/usr/local/bin/uprecords -a -B"); ?> Examples","79553","52"
"9279","Building off of icco's suggestion of SVN, I'd actually suggest that if you are using subversion or similar for source control (and if you aren't, you should probably start) you can keep the production environment up to date by putting the command to update the repository into the post-commit hook. There are a lot of variables in how you'd want to do that, but what I've seen work is have the development or live site be a working copy and then have the post-commit use an ssh key with a forced command to log into the remote site and trigger an svn up on the working copy. Alternatively in the post-commit hook you could trigger an svn export on the remote machine, or a local (to the svn repository) svn export and then an rsync to the remote machine. I would be worried about things that detect changes and push them, and I'd even be worried about things that ran every minute, just because of race conditions. How do you know it's not going to transfer the file at the very same instant it's being written to? Stumble across that once or twice and you'll lose all of the time-saving advantage you had by constantly rsyncing or similar.","73415","1"
"59627","I would look in (at least) these two places: http://www.linuxcompatible.org/compatibility.html http://www.linux-drivers.org/","59630","0"
"59627","Many distros, Ubuntu included, have a "live" mode. You download the .iso image, burn the CD, and then boot from the CD. The OS will run directly off the CD without installing anything. It will run slowly, because it's reading from the CD, but it should give you the opportunity to test your hardware.","59637","5"
"59627","Personally, I wouldn't worry about it... if you do dual boot (which I recommend), then you can easily fall back to Windows (or whatever is installed). I have set up 3 laptops with linux, 2 Ubuntu and 1 Fedora 8. 2 of them had issues with the wireless network card, and 2 had issues with the video card (1 was easier problem to fix). In both cases, I was able to solve the problem with enough googling... the Ubuntu forums are particularly good at having resolutions to problems you may face. So... it may be some work to resolve issues you have, but with enough effort, you should be able to overcome the problems (sometimes the effort may be high by the way... it took me about a week of idle attempts to solve the first wireless card issue).","59638","1"
"59627","I like Linux on Laptops you pick a notebook, and they recommend the best distro for it. The data is sometimes slightly dated, so I recommend getting the newest distro of the brand they recommend. For your notebook they recommend Ubuntu . The other option is just to try a live CD. Many distros have them, including Ubuntu.","59640","1"
"59627","You can try Linux-On-Laptops . A quick search shows this Tecra A5 . You can also download a LiveCD version, that will tell you if you can get most of your hardware working easily. If the LiveCD works, you're good. If it doesn't, you can just pop it out of the cd-rom drive. No harm done, and you can look at other options.","59641","4"
"59627","Most Linux distros have Live CDs that let you run the OS before actually installing it. That is how I found the Linux distribution that would run on my laptop (Ubuntu). If your laptop is older and your afraid it won't be able to handle a modern Linux desktop, look to distro's like Xubuntu, Slax, Damn Small Linux, Puppy Linux, etc. as they ship with desktops that aren't as resource intensive.","59644","0"
"70453","Depends on what you want to do, I regularly use all of them: Shell for simple batching of commands with perhaps a loop or an if-statement. Perl when I'm munching files and do some text replacement and souch things. Python when need more logic. Under *nix you should use the right tool for the right work, which can be hard for the beginner since it's so many things to learn (after some 15 years as a *nix user I still find new things). My recommendation is to look at all the languages quickly to see what they can do, and then start with using shell for everything, when your scripts gets clunky move them to something else.","70531","-1"
"70453","When choosing a scripting language to help automate your linux / unix environment, the most important thing in my opinion is... your replacement :-) By which I mean the next / other sysadmins who may have to maintain your scripts. I am currently working in an environment where the lead Unix guy is a real script head, but he has mainly restrained himself to using bash, with some perl and windows vbscript thrown in for good luck. At least it has forced me to brush up my perl. While agreeing with the other comments here, my suggestion would be to master bash - where possible do as much as possible in bash, as most people know it, and can maintain / debug it. And it will be most portable. Use with sed & awk is particularly powerful. When you have that mastered, you can come back here and ask "What scripting language should I learn after bash?" :-) JB","70533","11"
"79490","I would create a cron job to run at the required resolution (say 10 minutes) by entering the following [on one single line - I've just separated it for formatting purposes] in your crontab (cron -l to list, cron -e to edit). 0,10,20,30,40,50 * * * * /bin/echo $(/bin/date +\%Y-\%m-\%d) $(/usr/bin/uptime) >>/tmp/uptime.hist 2>&1 This appends the date, time and uptime to the uptime.hist file every ten minutes while the machine is running. You can then examine this file manually to figure out the information or write a script to process it as you see fit. Whenever the uptime reduces, there's been a reboot since the previous record. When there are large gaps between lines (i.e., more than the expected ten minutes), the machine's been down during that time.","79699","2"
"104055","I don't think you can list the contents of a package using yum, but if you have the .rpm file on your local system (as will most likely be the case for all installed packages), you can use the rpm command to list the contents of that package like so: rpm -qlp /path/to/fileToList.rpm If you don't have the package file (.rpm), but you have the package installed, try this: rpm -ql packageName","104087","33"
"104055","Yum doesn't have it's own package type. Yum operates and helps manage RPMs. So, you can use yum to list the available RPMs and then run the rpm -qlp command to see the contents of that package.","104093","0"
"74372","After some advice from people in my company we decided to make the following modification to the code. This gives us the same result whether using the "real" ksh's (ksh88, ksh93) or any of the ksh clones (pdksh, MSK ksh). This also works correctly with bash. #!/bin/ksh echo "a\nb" > junk flag=false while read x do flag=true done < junk echo "flag = ${flag}" exit 0 Thanks to jj33 for the previous accepted answer.","95267","3"
"96113","Is the firewall turned off?","96158","1"
"96113","I would check firewall configuration on that machine. It is possible for iptables (I guess your SUSE has iptables firewall) to be setup to let trough only ping ICMP packets.","96163","2"
"73474","This could also be because your FTP client might not be showing the hidden files (like cache, or any hiddn files that your application might create), while the hidden files are preventing you from deleting the directory. (though, in your case, I am not sure if this is the cause .. .it could be permission issue with your hosting provider.. Webserver running as another user (like apache or www) combined with your directories having global write perms).","73529","0"
"70453","I'd say Python - it has a very high readability, it is simple( no curly brackets, key words as close to english as possible etc.) and you can do almost everything in it, from simple to very complex things. It is also popular and fun to code.","70566","-3"
"73474","You can't rmdir a directory with files in it. You must first rm all files and subdirectories. Many times, the easiest solution is: $ rm -rf old_directory It's entirely possible that some of the files or subdirectories have permission limitations that might prevent them from being removed. Occasionally, this can be solved with: $ chmod -R +w old_directory But I suspect that's what your support people did earlier.","73549","4"
"73474","I assume that's a response from an FTP server? Usually, a message from an FTP server really means it. If it says the directory is not empty, there might be certain files you cannot see that exists in the directory which maybe one of: Your PHP/JSP/ASP/whatever scripts may run under a different user account thus creating files which you may not be able to see/delete Is your hosting's web interface run under your FTP account? There might be conflicting permissions there if you manage some files from the web interface and then later via FTP. Hosting server/operating system files created unintentionally e.g. from the hosting's web interface If it comes from a script, write a one-time throw-away script that delete the files and that directory and then uploads and executes it. And just to be sure, some FTP server doesn't support direct directory deletion, you need all the files first, is that the case?","73584","0"
"96113","Firewall is always possible, but it does say that ssh can connect, so that seems unlikely. I'd say have a look at the routes ("route" command on Linux), and make sure you don't have like two default routes, or weird ones or whatever. All in all I'd say test ping and ssh and your program on the same distant IP, and if they all fail, you have a route problem. If only your program fails, you probably have either a firewall problem or program problem :)","96380","0"
"118935","There are also a few vim files you can load up ... Take a look at the list of tools on the hump and godi , for extra tools. And be sure to compile with -dtypes on so you can take advantage of the annotation files to determine the types with a keystroke. You can also use netbeans as an ide with an ocaml plugin .","121134","6"
"41643","@dbr said: There is a review machine with an absurd fiber-channel-RAID-array that can play 2K files direct from the array easily. The issue is with the artist-workstations, so it wouldn't be one $4000 RAID array, it'd be hundreds.. Well, if you can accept a limit of ~30GB, then maybe a single 36GB SSD drive would be enough? Those go for ~US$1k each I think, and the data rates might be enough. That very well maybe cheaper than a pure RAM approach. There are smaller sizes available, too. If ~60GB is enough you could probably get away with a JBOD array of 2 for double the cost, and skip the RAID controller. Be sure only to look at the higher end SSD options--the low end is filled with glorified memory sticks. :P","46619","0"
"70453","This may sound a little odd, I had been using bash for over 10 years. I have started using PHP5 and it was difficult at first, but now I have a much better reusable code base. I wouldn't recommend it as a starting point though!","70571","-3"
"93954","GStreamer is a popular choice. It's a full multimedia framework much like DirectShow or QuickTime, has the advantage of having legally licensed codecs available, and has excellent Python bindings.","97354","2"
"93954","Not a library, but mplayer has the ability to encode JPEG sequences to any kind of format. It runs on Linux, Windows, BSD and other platforms and you can write a python script if you want to use it with python.","93975","0"
"93954","I know there's mencoder (part of the mplayer project), and ffmpeg , which both can do this.","93980","4"
"93954","in c++ OpenCV (open source Computer Vision library from Intel) let you create an AVI file and just push frames inside... but it's like shooting with a cannon to a fly.","93994","1"
"96113","Try pointing connect() to the same host:port where your SSH command works. Also, keep in mind that some firewalls can apply different rules for different user accounts (and sometimes for different executables). Therefore, make sure you run ssh and your test app under the same user account and that SUID isn't set for SSH.","96674","0"
"78157","A useful Linux function and alternative to sync or fsync is sync_file_range. This lets you schedule data for writing without waiting for the in-kernel buffer system to get around to it. To avoid long pauses, make sure your IO queue (for example: /sys/block/hda/queue/nr_requests) is large enough. That queue is where data goes in between being flushed from memory and arriving on disk. Note that sync_file_range isn't portable, and is only available in kernels 2.6.17 and later.","93050","1"
"96133","You do realize that [ is an alias (often a link, symbolic or hard) for /usr/bin/test , right? So perhaps the actual problem is different versions of /usr/bin/test ? OTOH, ksh overrides it with a builtin. Maybe there's a way to get it to not do that? or maybe you can explicitly alias [ to /usr/bin/test , if /usr/bin/test on all platforms is compatible?","96857","0"
"89745","The things you are looking for may be in environment variables. You need to be careful about what shell you are using when you check environment variables. bash uses "UID" while tcsh uses "uid" and in *nix case matters. I've also found that tcsh sets "gid" but I wasn't able to find a matching variable in bash.","93156","0"
"105212","The -L option to ls will accomplish what you want. It dereferences symbolic links. So your command would be: ls -LR You can also accomplish this with find -follow The -follow option directs find to follow symbolic links to directories. On Mac OS X use find -L as -follow has been deprecated.","105249","285"
"105212","Using ls: ls -LR from 'man ls': -L, --dereference when showing file information for a symbolic link, show informa‐ tion for the file the link references rather than for the link itself Or, using find: find -L . From the find manpage: -L Follow symbolic links. If you find you want to only follow a few symbolic links (like maybe just the toplevel ones you mentioned), you should look at the -H option, which only follows symlinks that you pass to it on the commandline.","105251","12"
"105212","find /dir -type f -follow -print -type f means it will display real files (not symlinks) -follow means it will follow your directory symlinks -print will cause it to display the filenames. If you want a ls type display, you can do the following find /dir -type f -follow -print|xargs ls -l","105256","60"
"105212","ls -R -L -L dereferences symbolic links. This will also make it impossible to see any symlinks to files, though - they'll look like the pointed-to file.","105258","3"
"102382","How much control do you have over this machine? One answer would be to run ssh-agent as a daemon process. Other options are explained on this web page , basically testing to see if the agent is around and then running it if it's not. To reproduce one of the ideas here: SSH_ENV="$HOME/.ssh/environment" function start_agent { echo "Initialising new SSH agent..." /usr/bin/ssh-agent | sed 's/^echo/#echo/' > "${SSH_ENV}" echo succeeded chmod 600 "${SSH_ENV}" . "${SSH_ENV}" > /dev/null /usr/bin/ssh-add; } # Source SSH settings, if applicable if [ -f "${SSH_ENV}" ]; then . "${SSH_ENV}" > /dev/null #ps ${SSH_AGENT_PID} doesn’t work under cywgin ps -ef | grep ${SSH_AGENT_PID} | grep ssh-agent$ > /dev/null || { start_agent; } else start_agent; fi","102420","3"
"102382","have a look at Keychain. It was written b people in a similar situation to yourself. Keychain","102432","5"
"14911","You could take a look at using OpenOffice via the OpenOffice API to load your XHTML document and export a PDF version. There is a bit of a learning curve to using the OpenOffice API but it is very powerful and can be run in server mode on systems without any graphical interface. It performs well - we've used it on some internal projects.","114311","0"
"1005","If you're using Vim , there is a script available named sudo.vim . If you find that you've opened a file that you need root access to read, type :e sudo:% Vim replaces the % with the name of the current file, and sudo: instructs the sudo.vim script to take over for reading and writing.","125383","11"
"14911","I used HTMLDoc about 8 years ago and it did a good job of turning HTML tables with some basic formatting into a decent PDF report. There also seems to be an open source version as well.","114334","1"
"33117","Debian Live provides the best tools for building a Linux Live CD. Webconverger uses Debian Live for example. It's very easy to use. sudo apt-get install live-helper # from Debian unstable, which should work fine from Ubuntu lh_config # edit config/* to your liking sudo lh_build","54403","1"
"70453","Just write your commands one after the other, put it in a file and run this file with promp> bash file and you have your first automation. Then learn about bash variables, loops and control structures.","70659","-1"
"119390","http://www.mindspill.org/962 seems to have a solution. Essentially: echo "This is the main body of the mail" | mail -s "Subject of the Email" recipent_address@example.com -- -f from_user@example.com","119438","30"
"111281","Did you try searching the VMware support website ? This has been asked in the VMware forums .","111309","0"
"105212","How about tree ? tree -l will follow symlinks. Disclaimer : I wrote this package.","105365","127"
"119390","You can append sendmail options to the end of the mail command by first adding --. -f is the command on sendmail to set the from address. So you can do this: mail recipient@foo.com -- -f sender@bar.com","119451","5"
"97781","Flash can play the following formats: FLV with AAC or MP3 audio, and FLV1 (Sorenson Spark H.263), VP6, or H.264 video. MP4 with AAC or MP3 audio, and H.264 video (mp4s must be hinted with qt-faststart or mp4box). ffmpeg is an overall good conversion utility; mencoder works better with obscure and proprietary formats (due to the w32codecs binary decoder package) but its muxing is rather suboptimal (read: often totally broken). One solution might be to encode H.264 with x264 through mencoder, and then mux separately with mp4box. As a developer of x264 (and avid user of flash for online video playback), I've had quite a bit of experience in this kind of stuff, so if you want more assistance I'm also available on Freenode IRC on #x264, #ffmpeg, and #mplayer.","97799","15"
"111281","I've bludgeoned the kernel module into working with the 2.6.26 kernel. Here is my patch .","111343","2"
"97781","Most encoders, by default (ffmpeg included) put the header atom of the mp4 (the "moov atom") at the end of the video, since they can't place the header until they're done encoding. However, in order for the file to start playback before its done downloading, the moov atom has to be moved to the front. To do this, you have to (re)mux using mp4box (which does it by default) or use qt-faststart, a script for ffmpeg that simply moves the atom to the front. Its quite simple. Note that for FLV, by default, ffmpeg will use the FLV1 video format, which is pretty terrible; its over a decade old by this point and its efficiency is rather awful given modern standards. You're much better off using a more modern format like H.264.","97846","2"
"125951","I know its not a command line tool but you could easily script up something to use http://browsershots.org/ Not that useful for applications not hosted on external IPs. A great tool none the less.","126000","2"
"125951","I don't know of anything custom built, I'm sure there could be something done with the gecko engine to render to a png file instead of the screen ... Or, you could fire up firefox in full screen mode in a dedicated VNC server instance and use a screenshot grabber to take the screenshot. Fullscreen = minimal chrome, VNC server instance = no visible UI + you can choose your resolution. Use xinit with Xvnc as the X server to do this - you'll need to read all the manpages. Downsides are that the screenshot is always the same size, doesn't resize according to the web page ...","126003","1"
"125951","There is the import command, but you'll need X, and a little bash script that open the browser window, then take the screenshot and close the browser. You can find more information here , or just typing import --help in a shell ;)","126126","1"
"126141","You can use this command: $ dpkg -s libgtk2.0-0|grep '^Version'","126145","25"
"126141","This suggestion will tell you which minor version of 2.0 is installed. Different major versions will have different package names because they can co-exist on the system (in order to support applications built with older versions). Even for development files, which normally would only let you have one version on the system, you can have a version of gtk 1.x and a version of gtk 2.0 on the same system (the include files are in directories called gtk-1.2 or gtk-2.0). So in short there isn't a simple answer to "what version of GTK is on the system". But... Try something like: dpkg -l libgtk* | grep -e '^i' | grep -e 'libgtk-*[0-9]' to list all the libgtk packages, including -dev ones, that are on your system. dpkg -l will list all the packages that dpkg knows about, including ones that aren't currently installed, so I've used grep to list only ones that are installed (line starts with i). Alternatively, and probably better if it's the version of the headers etc that you're interested in, use pkg-config: pkg-config --modversion gtk+ will tell you what version of GTK 1.x development files are installed, and pkg-config --modversion gtk+-2.0 will tell you what version of GTK 2.0. The old 1.x version also has its own gtk-config program that does the same thing. Similarly, for GTK+ 3: pkg-config --modversion gtk+-3.0","126193","85"
"70453","I second Python - powerful, simple, performant, and... actually quite fun, compared to perl or bash. Also if you know it, you'll find other uses, it's used in a lot of projects. And not just as a "classic" scripting language, take for example the twisted project. That's true for Perl too I guess, but I like Python better order of magnitudes myself Bottom line though is like has been said beofre, make sure you have the right tool for the job...","70700","-1"
"119390","You can specify any extra header you may need with -a $mail -s "Some random subject" -a "From: some@mail.tld" to@mail.tld","119484","80"
"126141","I think a distribution-independent way is: gtk-config --version","126395","4"
"76700","Use Procmail. Procmail is your friend. Procmail is made for this sort of thing.","76719","2"
"76700","The unix command tee does this. man tee","76721","27"
"76700","cat > FILENAME","76731","11"
"76700","The standard unix tool tee can do this. It copies input to output, while also logging it to a file.","76735","5"
"76700","You're not alone in needing something similar... in fact, someone wanted that functionality decades ago and developed tee :-) Of course, you can redirect stdout directly to a file in any shell using the > character: echo "hello, world!" > the-file.txt","76736","12"
"93954","ffmpeg has an API and also python bindings , seems to be the way to go ! Thanks","94290","0"
"76700","Huh? I guess, I don't get the question? Can't you just end your pipe into a >> ~file For example echo "Foobar" >> /home/mo/dumpfile will append Foobar to the dumpfile (and create dumpfile if necessary). No need for a shell script... Is that what you were looking for?","76741","0"
"76700","If you want to analyze it in the script: while /bin/true; do read LINE echo $LINE > $OUTPUT done But you can simply use cat. If cat gets something on the stdin, it will echo it to the stdout, so you'll have to pipe it to cat >$OUTPUT. These will do the same. The second works for binary data also.","76742","1"
"79490","Try this out: last | grep reboot","80135","19"
"117055","If the filesystem you use is to be linked into the kernel itself, and if you plan to distribute it to others, the GPL pretty unambiguously requires that the filesystem be GPL'ed as well. That being said: one way to legally interface Linux with a GPL-incompatible filesystem is via FUSE (filesystem in userspace). This has been used, for example, to run the GPL-incompatible ZFS filesystem on top of Linux. Running a filesystem in userspace does, however, carry a performance penalty that may be significant.","118337","1"
"94486","Update: looks like network install is not that minimal. There's 57MB .iso image, but you also need to download stage3 which is about 120MB and portage with is 29MB. And later on, you need the Linux kernel, which is about 46MB. This totals about 250MB. Or am I missing something? Update: I have installed the Kernel, X Window system, mc, Lilo, etc. and have a working system :) Summing all up, it downloaded about 580 MB. Well, it is still less than install CD!","98444","0"
"76700","if you don't care about outputting the result cat - > filename or cat > filename","76748","0"
"76700","If you want a shell script, try this: #!/bin/sh exec cat >/path/to/file","76754","1"
"54503","Just a random thought that might help with debugging. Try changing your shell script to: #!/bin/sh echo /usr/bin/mono $1/hooks/post-commit.exe "$@" Check and see if the line it prints matches the command you're expecting it to run. It's possible your command line argument handling in the shell script isn't doing what you want it to do. I don't know what your input to the script is expected to be, but the $1 before the path looks a bit out of place to me.","54537","0"
"54503","Are you sure you want to do /usr/bin/mono $1/hooks/post-commit.exe "$@" $@ expands to ALL arguments. "$@" expands to all arguments join by spaces. I suspect you shell script is incorrect. You didn't state exactly what you wanted the script to do, so that does limit our possibilities to make suggestions.","54545","0"
"76700","If exim or sendmail is what's writing into the pipe, then procmail is a good answer because it'll give you file locking/serialization and you can put it all in the same file. If you just want to write into a file, then - tee > /tmp/log.$$ or - cat > /tmp/log.$$ might be good enough.","76763","1"
"70453","If I had to pick one, it would have to be AWK. It's lightweight, has a small learning curve and has many useful functions like index and substr.","70766","0"
"54503","Compare the environment variables in your shell and from within the script.","54568","0"
"70453","I use Perl for anything beyond extremely simple scripts. I also 'use warnings' , 'use strict' , avoid backticks, call system as 'system($command, @and_args)' . And because I like it to be maintainable: IPC::Run (for pipes), File::Fu (for filenames, tempfiles, etc), YAML (for configs or misc data), and Getopt::Helpful (so I can remember what the options were.)","70789","5"
"54612","Maybe you can use two processes dd if=indevfile | dd of=outdevfile I'll assume you can set the other dd options as it suits you. This has some overhead but should allow asynchrony between reading one disk and writing the other.","54631","1"
"54612","Are you sure it isn't doing that at the same time? I would expect the disk caches to make sure it that happens. If not, non-blocking or even asynchronous reads/writes may help,","54639","0"
"54612","You might try increasing the block size using the bs argument; by default, I believe dd uses a block size equal to the disk's preferred block size, which will mean many more reads and writes to copy an entire disk. Linux's dd supports human-readable suffixes: dd if=/dev/sda of=/dev/sdb bs=1M","54642","7"
"54612","About your update: How big are the caches of your HDs? (specially the writing one). It may be that that is too much and you may need to reduce it to prevent unnecessary blocking.","54682","0"
"74372","Do you have to stay within ksh? Even if you use the same ksh you'll still call all kinds of external commands (grep, ps, cat, etc...) part of them will have different parameters and different output from system to system. Either you'll have to take in account those differences or use the GNU version of each one of them to make things the same. The Perl programming language originally was designed exactly to overcome this problem. It includes all the features a unix shell programmer would want from he shell program but it is the same on every Unix system. You might not have the latest version on all those systems, but if you need to install something, maybe it is better to install perl.","76858","1"
"54503","It is normal for some processes to hang around for a while after they close their stdout (ie. you get an end-of-file reading from them). You need to call proc.WaitForExit() after reading all the data but before checking ExitCode.","65070","2"
"140253","If you already know what to modify, dd can read a file containing the bytes you want to write, and you tell it where to write them. To figure out where to write, debugfs from the e2fsprogs package could help you.","140419","2"
"80515","Choose Tools > Options > OpenOffice.org > Paths and select the Templates line. There you can click "edit" and see the paths that it uses to search for templates.","80524","2"
"93954","ffmpeg is a great (open source) program for building all kinds of video, and converting one type of video (a sequence of images in this case) into other types of video. Usually it is utilized from the command line, but that is really just a wrapper around its internal libraries. It is expressly available to be used from within another program . There are also python bindings that wrap the c api, though this particular project doesn't seem to be getting the best support (there are probably other projects out there doing the same thing). There's also this link where someone has used ffmpeg to do something similar to what you're looking for.","94485","3"
"80515","/usr/lib/openoffice/share/template/ That's on a Debian Lenny/testing. You can find them by typing locate .ots in a console (ots being the extension of OOo templates)","80532","1"
"144277","I'm wondering if mono.net is included in the default installation of Ubuntu, Kubuntu, and Fedora, and other popular distros? I don't believe Ubuntu comes with it by default, Kubuntu certainly doesn't. Ubuntu Intrepid, and probably Hardy, comes with Mono by default. Don't know about its status on other distros. If so, does anyone have a good reason why NOT to use it to develop a new GUI application targeted mainly for linux? If it's targeted mainly at Linux, why not use a technology that integrates better with the Linux desktop? Python and Java are good choices. Only use .NET if there's a large amount of legacy code you'll be re-using.","144282","-4"
"144277","It is included in Fedora, Ubuntu, Mandriva, Debian and OpenSUSE. The only major OS that does not include it is RHEL, but packages are available for it as a separate download. Additionally, you can bundle Mono with your application into a single binary if you need to (not recommended, but always possible). GUI-wise Mono supports the Windows.Forms API on Unix and MacOS, but if you want a more native experience you can use the Gtk# API (this provides a .NET API for the GNOME library stack) or you can use Qyoto if you want to integrate instead with the KDE APIs. There are many best-of-breed GUI applications for Linux that have been developed with Gtk# and Mono, some of the most popular ones include Gnome-Do (A quick application launcher), the F-Spot photo management software, the Banshee and Muine media players and the MonoDevelop IDE.","144284","15"
"144277","I'm pretty sure it's default on Ubuntu. If it wasn't, I didn't notice installing it. The package managers on modern distributions pull down dependencies automatically. There's no great impediment to using any strange platform on these distros. That said, lots of Ubuntu apps are being written in Mono with GTK#. Most notably off the top of my head are Tomboy Notes and Gnome Do.","144290","1"
"144277","GUI-wise Mono supports the Windows.Forms API on Unix and MacOS, but if you want a more native experience you can use the Gtk# API (this provides a .NET API for the GNOME library stack) or you can use Qyoto if you want to integrate instead with the KDE APIs. There are many best-of-breed GUI applications for Linux that have been developed with Gtk# and Mono, some of the most popular ones include Gnome-Do (A quick application launcher), the F-Spot photo management software, the Banshee and Muine media players and the MonoDevelop IDE.","144306","4"
"144487","I stopped using software database designers years ago, and reverted back to the trusty pen and paper which is just easier to use in my experience. To answer your question though, take a look at dbDesigner4 which is what I used to use. I remember it being fantastic. It's open source and multiplatform.","144504","0"
"144487","How about Clay ? It's a plugin for Eclipse, and the free version supports generating Postgres DDL.","144520","0"
"54612","Commodore Jaeger is right about: dd if=/dev/sda of=/dev/sdb bs=1M Also, adjusting "readahead" on the drives usually improves performance. The default may be something like 256, and optimal 1024. Each setup is different, so you would have to run benchmarks to find the best value. # blockdev --getra /dev/sda 256 # blockdev --setra 1024 /dev/sda # blockdev --getra /dev/sda 1024 # blockdev --help Usage: blockdev -V blockdev --report [devices] blockdev [-v|-q] commands devices Available commands: --getsz (get size in 512-byte sectors) --setro (set read-only) --setrw (set read-write) --getro (get read-only) --getss (get sectorsize) --getbsz (get blocksize) --setbsz BLOCKSIZE (set blocksize) --getsize (get 32-bit sector count) --getsize64 (get size in bytes) --setra READAHEAD (set readahead) --getra (get readahead) --flushbufs (flush buffers) --rereadpt (reread partition table) --rmpart PARTNO (disable partition) --rmparts (disable all partitions) #","55793","10"
"144487","I really like dbWrench. It's commercial as well, but not expensive and is Java based. It can reverse engineer a database and generates pretty good HTML based documentation. http://www.dbwrench.com/","144526","0"
"46714","The reason it's not in limits.h is that it's not a quantity giving the limits of the value range of an integral type based on bit width on the current architecture. That's the role assigned to limits.h by the ISO standard. The value in which you're interested is not hardware-bound in practice and can vary from platform to platform and perhaps system build to system build. The correct thing to do is to call sysconf and ask it for "ARG_MAX" or "_POSIX_ARG_MAX". I think that's the POSIX-compliant solution anyway. Acc. to my documentation, you include one or both of unistd.h or limits.h based on what values you're requesting. One other point: many implementations of the exec family of functions return E2BIG or a similar value if you try to call them with an oversized environment. This is one of the defined conditions under which exec can actually return.","46822","8"
"117055","If you're serious in developing a new operating system and want a working kernel to start with I suggest that you look into the FreeBSD kernel. It has a much more relaxed license than Linux, I think you might find it worthwhile. Just my 2 cents...","119991","0"
"120000","Typically you should get a message in /var/log/messages, with quite a large amount of detail relating to the process that was killed by the oom-killer.","120015","1"
"120000","You can check the messages log file to see which process got killed and some related information. As for the reasons: ... the ideal candidate for liquidation is a recently started, non privileged process which together with it's children uses lots of memory, has been nice'd, and does no raw I/O. Something like a nohup'd parallel kernel build (which is not a bad choice since all results are saved to disk and very little work is lost when a 'make' is terminated). From here . You can define some processes to be immune to the killer, adjust the swappiness parameter in case you have it too low (which makes the killer trigger happy) and check for things listed here","120025","2"
"120000","This is not the exact answer to your question, but the malloc(3) man page on Linux has some information on how to turn off memory overcommit echo 2 > /proc/sys/vm/overcommit_memory","120063","1"
"144487","pgDesigner is a database design application for PostgreSQL, for versions 7.x and 8.x. pgDesigner provides the following features: Complete datamodel editor Support for PostgreSQL objects: tables, views, relations, tablespaces, procedures, triggers, types, domains and sequences Automatic updating of relations between tables. Wizard for the construction of views. Report generator, with statistics Printing the diagram SQL export Creation of the database Management of the project on a diagram chart","156501","8"
"54503","Try putting "cd $1/hooks/" before the line that runs mono. You may have some assemblies in that folder that are found when you run mono from that folder in the shell but are not being found when you run your script.","54818","0"
"111281","Perhaps http://open-vm-tools.sourceforge.net/contribute.php ?","118896","0"
"147125","Even if you page the apps memory to disk and keep it in memory, you would still have to decide when should an application be considered "inactive" and that's what swapiness controls. Paging to disk is expensive in terms of IO and you don't want to do it too often. There is also another variable on this equation, and that is the fact that Linux uses of remaining memory as disk buffers/cache.","147150","1"
"118935","Emacs in Caml mode , or Tuareg mode , or TypeRex mode . TypeRex adds auto-completion to Taureg in emacs - a really nice feature for people who prefer the more graphical IDE's.","118964","25"
"118935","There are 2 modes for Emacs for working with OCaml: ocaml-mode and tuareg-mode . Both are available via apt, or on the web. They provide syntax-highlighting and tuareg-mode includes interfacing to the OCaml top-level and debugger.","118969","7"
"94486","Gentoo is ultraminimalist by default. The install CD gets you a basic working system, a basic compile environment ( Some version of the GCC suite ), and package management. Its up to you then to install what you want to use. Its not like many other distributions where theres a big set of "default" packages to have installed. You have to know what you want, and install what you want. The "Live" Cd will make things a bit quicker by having a few precompiled binaries available, but besides that, you still have to choose what you want to install. I also don't understand whether the network installer will first prompt me for the packages I want, or it will fetch 600 MB of data anyway? it will only install what you want to. If you use NetInstall and install nothing except GCC, it will only download enough to have GCC. Welcome to gentoo. It can be a little daunting for first timers, but once you've gotten past the steep learning curve you'll love it :)","94572","4"
"9279","Will DropBox ( http://www.getdropbox.com/ ) do what you want?","112881","1"
"118935","There is Camelia . You can also integrate OCaml into Eclipse . Also in Emacs you can use ocaml-mode and tuareg-mode.","118985","15"
"118935","http://ocaml.eclipse.ortsa.com:8480/ocaide/ I just found an eclipse plugin for it which may be promising. Doesn't look too active. I'll try it and report back on results. ewwwe....emacs? anything in vi? ;)","118988","2"
"94486","Use network install. It does save you something and even if you do multiple installations you'll probably want the newest packages anyway. And no the network installer will not download the 600MB without asking you that would make no sense.","94589","0"
"69692","The Linux Serial HOWTO has a lot of detailed information about serial communication in general. The more-specific Linux Remote Serial Console HOWTO is what you're really looking for if you want to be able to log into your virtualized systems using the serial port as if you were at the console. As Hein indicated, you'll need a null modem cable and need to run minicom on the remote terminal. The Linux console is used in two ways, each of which must be configured separately for serial use. You can configure the kernel to copy its messages over the serial port, which is occasionally interesting for watching the system boot and nearly indispensable if you're doing kernel debugging. (This requires kernel support and updating the boot parameters so the kernel knows you want serial output; see chapter 5 of the second howto.) You're probably more interested in logging in via the serial port, which requires running getty on the serial port after boot (just like your system already runs getty on the virtual terminals after boot), which is described in detail in chapter 6 of the howto.","74147","5"
"147125","If I have an inactive application that's using a ton of memory, why doesn't the kernel page its memory to disk AND leave another copy of that data in-memory? Lets say we did it. We wrote the page to disk, but left it in memory. A while later another process needs memory, so we want to kick out the page from the first process. We need to know with absolute certainty whether the first process has modified the page since it was written out to disk. If it has, we have to write it out again. The way we would track this is to take away the process's write permission to the page back when we first wrote it out to disk. If the process tries to write to the page again there will be a page fault. The kernel can note that the process has dirtied the page (and will therefore need to be written out again) before restoring the write permission and allowing the application to continue. Therein lies the problem. Taking away write permission from the page is actually somewhat expensive, particularly in multiprocessor machines. It is important that all CPUs purge their cache of page translations to make sure they take away the write permission. If the process does write to the page, taking a page fault is even more expensive. I'd presume that a non-trivial number of these pages would end up taking that fault, which eats into the gains we were looking for by leaving it in memory. So is it worth doing? I honestly don't know. I'm just trying to explain why leaving the page in memory isn't so obvious a win as it sounds. (*) This whole thing is very similar to a mechanism called Copy-On-Write, which is used when a process fork()s. The child process is very likely going to execute just a few instructions and call exec(), so it would be silly to copy all of the parents pages. Instead the write permission is taken away and the child simply allowed to run. Copy-On-Write is a win because the page fault is almost never taken: the child almost always calls exec() immediately.","147296","3"
"131303","There isn't a single answer for this because you can't pin point precisely the amount of memory a process uses. Most processes under Linux use shared libraries. For instance, let's say you want to calculate memory usage for the 'ls' process. Do you count only the memory used by the executable 'ls' (if you could isolate it)? How about libc? Or all these other libraries that are required to run 'ls'? linux-gate.so.1 => (0x00ccb000) librt.so.1 => /lib/librt.so.1 (0x06bc7000) libacl.so.1 => /lib/libacl.so.1 (0x00230000) libselinux.so.1 => /lib/libselinux.so.1 (0x00162000) libc.so.6 => /lib/libc.so.6 (0x00b40000) libpthread.so.0 => /lib/libpthread.so.0 (0x00cb4000) /lib/ld-linux.so.2 (0x00b1d000) libattr.so.1 => /lib/libattr.so.1 (0x00229000) libdl.so.2 => /lib/libdl.so.2 (0x00cae000) libsepol.so.1 => /lib/libsepol.so.1 (0x0011a000) You could argue that they are shared by other processes, but 'ls' can't be run on the system without them being loaded. Also, if you need to know how much memory a process needs in order to do capacity planning, you have to calculate how much each additional copy of the process uses. I think /proc/PID/status might give you enough information of the memory usage at a single time. On the other hand, Valgrind will give you a better profile of the memory usage throughout the lifetime of the program.","147348","23"
"67685","You'll encounter a very subtle problem here because most video and audio formats (especially in ordinary containers) use "global headers," meaning at the start of the file they have a single header which specifies compression information (like width, height, etc) for the whole file. Concatting two streams will clearly fail, as it will now have two headers instead of one and the muxer may not like this. Converting to AVI probably is resolving the issue in your case because mencoder has code to concat AVIs--that code properly handles the header issue.","70991","0"
"69692","Say you're doing this on /dev/tty1. in the shell chown *youruser* /dev/tty1 then in a Perl script called example.pl open PORT, "</dev/tty1" || die "Can't open port: $!"; while (defined ($_ = )) { do_something($_); } close PORT; Obviously there is more to do if you want this to start automatically, and respawn on error, and so on. But the basic idea is to read from the serial port like a file.","74208","1"
"119031","For Gnome and Kde, you would probably want to include a desktop file with your app that defines how it will be launched. The specification can be found here . If you have an installer included with your app, you would probably want to have it generate this desktop file and put it in the right places to make menu entries and whatnot","119062","10"
"94486","Gentoo doesn't exactly "prompt" for packages. The network CD will get you a small base system, then it's up to you to set everything else you need up yourself. This is one of the positive and negative things about Gentoo.","94678","0"
"74372","I don't know of any particular option to force ksh to be compatible with a particular older version. That said, perhaps you could install a very old version of ksh on your linux box, and have it behave in a compatible manner? It might be easier to install a more modern version of amy shell on the AIX/HP-UX boxes, and just migrate your scripts to use sh. I know there are versions of bash available for all platforms.","74421","0"
"130327","Supposedly Linux computers can use Likewise Open to connect to Active Directory Domains. i.e. use the Active Directory credentials for authentication and access control. I have tried it briefly myself and had no luck though (ended up inadvertently making my desktop system a domain controller and had to get network admins to reassign it!). Probably just needed to read the docs a bit better...","130383","0"
"51501","You might have some luck using OpenEmbedded . If there's no precompiled version you can use right away, setting up an OE-cross compile environment is not that hard. Another option could be to install gdb-server on the board, like described in this blogpost .","51693","0"
"74372","Instead of using pdksh on linux, use the "real" ksh from kornshell.org. pdksh is a blind re-implementation of ksh. kornshell.org is the original korn shell dating back 25 years or so (the one written by David Korn). AIX and Solaris use versions of the original ksh, so the kornshell.org version is usually feature- and bug- complete. Having cut my teeth with SunOS/Solaris, installing kornshell.org ksh is usually one of the first things I do on a new Linux box...","74446","7"
"8626","The Virtual Data Toolkit is not a virtual machine image, but it is a nice distro of tons of grid tools (including Globus) which is very easy to install. I use it all the time, and love it. From their website : The Virtual Data Toolkit (VDT) is an ensemble of grid software that can be easily installed and configured. In our experience, installing grid software from scratch is challenging and time consuming. The goal of the VDT is to make it as easy as possible for users to deploy, maintain and use grid software. Ideally, you just type a single-command and you can immediately access grid resources or provide your resources to others. In reality, it is a bit more work than that, but not much. ... The VDT contains a wide variety of grid software as well as the software that it depends on. For example, the VDT includes common grid software like Condor-G ® and Globus ®, and VOMS, and much more. But it also provides supporting software like Apache, Tomcat, and MySQL. There are also many other software components that help run grid sites, like software to update CA certificate revocation lists (fetch-crl), software to assist with local authorization policies (GUMS) accounting software, and much more.","74493","1"
"52187","You can use a pty ("pseudo-teletype", where a serial port is a "real teletype") for this. From one end, open /dev/ptyp5 , and then attach your program to /dev/ttyp5 ; ttyp5 will act just like a serial port, but will send/receive everything it does via /dev/ptyp5. If you really need it to talk to a file called /dev/ttys2 , then simply move your old /dev/ttys2 out of the way and make a symlink from ptyp5 to ttys2 . Of course you can use some number other than ptyp5 . Perhaps pick one with a high number to avoid duplicates, since all your login terminals will also be using ptys. Wikipedia has more about ptys: http://en.wikipedia.org/wiki/Pseudo_terminal","74517","88"
"74372","Your script gives the correct (true) output when zsh is used with the emulate -L ksh option. If all else fails you may wish to try using zsh on Linux.","74580","0"
"74993","network of course :) Use MRTG to get some nice bandwidth graphs, they're just pretty most of the time.. until a spammer finds a hole in your security and it suddenly increases. Nagios is good for alerting as mentioned, and is easy to get setup. You can then use the mrtg plugin to get alerts for your network traffic too. I also recommend ntop as it shows where your network traffic is going. A good link to get you going with Munin and Monit: link text","77183","0"
"130327","Not sure if this is what you had in mind, but Linux w/Samba can act as a domain controller for Windows desktops. For example, see SAMBA (Domain Controller) Server For Small Workgroups at HowToForge. This works for file/print sharing etc. For something more akin to Microsoft's Active Directory, you might check out Red Hat Directory Server : Red Hat Directory Server is an LDAP-based server that centralizes application settings, user profiles, group data, policies, and access control information into an operating system-independent, network-based registry. If cost is a concern, there's a Fedora Directory Server version that's the community version for free. Another potential offering would be Sun's OpenDS project: OpenDS is an open source community project building a free and comprehensive next generation directory service based on LDAP and DSML. OpenDS is designed to address large deployments, to provide high performance, to be highly extensible, and to be easy to deploy, manage and monitor.","130407","3"
"130327","Samba provides interoperability with Windows domain controllers. With version 3 it can act as a primary domain controller. From what I read, version 4 will improve support for ActiveDirectory.","130413","0"
"130327","Linux servers can be configured to participate in NIS domains , you should typically be prompted for this kind of setup when building the server. NIS is a lot like Active Directory, providing common identity and authentication across many boxes . You can also configure home directories to be mounted off a common NFS share so that identity and working environment move with the user from box to box. I have experienced this from the user/tech-lead side of things, hopefully a Linux admin can provide further pointers on how to do it and where to find resources.","130450","0"
"74372","I installed 'ksh' and 'pdksh' on my local Ubuntu Hardy system. ii ksh 93s+20071105-1 The real, AT&T version of the Korn shell ii pdksh 5.2.14-21ubunt A public domain version of the Korn shell ksh has the "correct" behavior that you're expecting while pdksh does not. You might check your local Linux distribution's software repository for a "real" ksh, instead of using pdksh. The "Real Unix" OS's are going to install the AT&T version of Korn shell, rather than pdksh, by default, what with them being based off AT&T Unix (System V) :-).","74787","1"
"119390","mail -r from@from.from -R from@from.com -r = from-addr -R = reply-to addr The author has indicated his version of mail doesn't support this flag. But if you have a version that does this works fine.","119395","27"
"119390","Here's a solution . The second easiest solution after -r (which is to specify a From: header and separate it from the body by a newline like this $mail -s "Subject" destination@example.com From: Joel <joel@example.com> Hi! . works in only a few mail versions, don't know what version redhat carries). PS: Most versions of mail suck!","119406","2"
"131303","There isn't any easy way to calculate this. But some people have tried to get some good answers: ps_mem.py ps_mem.py at GitHub","133444","141"
"131303","Another vote for Valgrind here, but I would like to add that you can use a tool like Alleyoop to help you interpret the results generated by Valgrind. I use the two tools all the time and always have lean, non-leaky code to proudly show for it ;)","133520","3"
"54503","After having verified that my code did work from the command line, I found that it was no longer working! I went looking into my .net code to see if anything made sense. Here is what I had: static public int Execute(string sCMD, string sParams, string sComment, string sUserPwd, SVNCallback callback) { System.Diagnostics.Process proc = new System.Diagnostics.Process(); proc.EnableRaisingEvents = false; proc.StartInfo.RedirectStandardOutput = true; proc.StartInfo.CreateNoWindow = true; proc.StartInfo.UseShellExecute = false; proc.StartInfo.Verb = "open"; proc.StartInfo.FileName = "svn"; proc.StartInfo.Arguments = Cmd(sCMD, sParams, sComment, UserPass()); proc.Start(); int nLine = 0; string sLine = ""; while ((sLine = proc.StandardOutput.ReadLine()) != null) { ++nLine; if (callback != null) { callback.Invoke(nLine, sLine); } } int errorCode = proc.ExitCode; proc.Close(); return errorCode; } I changed this: while (!proc.HasExited) { sLine = proc.StandardOutput.ReadLine(); if (sLine != null) { ++nLine; if (callback != null) { callback.Invoke(nLine, sLine); } } } int errorCode = proc.ExitCode; It looks like the Process is hanging around a bit longer than I'm getting output, and thus the proc.ExitCode is throwing an error.","55119","0"
"168116","If you enable CONFIG\_TASK\_IO\_ACCOUNTING , you will have the information available in /proc/ /io. This is available since kernel 2.6.20, but not normally enabled by default (However, in Ubuntu 8.04 it seems like it is enabled). You can read about the various data items in Documentation/filesystems/proc.txt in the kernel source tree. Especially section 2.14 should be of interest.","170842","2"
"119031","KDE community with it's KDE 4 series started to use CMake as a build system. They developed a CMake macro that knows how to set an icon for your application regardles of the platform (windows (embedded in exe), mac (.app bundles), linux (.desktop files) etc.) Maybe you can use it.","133615","1"
"60736","For Apache: sudo apt-get -yq install apache2 For SSH: sudo apt-get -yq install openssh-server For Subversion: sudo apt-get -yq install subversion subversion-tools If you'd like you can combine these into one command like: sudo apt-get -yq install apache2 openssh-server subversion subversion-tools I can't help with the rest...","60741","-2"
"47309","What is the output of which godi_confdir ? P.S. I remember having this exact same problem, but I don't remember precisely how I fixed it.","47655","2"
"47309","Hey Chris, I just figured it out. Silly mistake. It was just a permission issue, running everything from /tmp/ worked fine --well after enabling GODI_BASEPKG_PCRE in godi.conf . I had been running it from my home directory, you forget simple things like that at 3:00am. -- Actually I'm having another problem. Installing conf-opengl-6 : GODI can't seen to find the GL/gl.h file, though I can --you can see that it is Checking the suggestion . > ===> Configuring for conf-opengl-6 > Checking the suggestion > Include=/usr/include/GL/gl.h Library=/<GLU+GL> > Checking /usr: > Include=/usr/include/GL/gl.h Library=/usr/lib/<GLU+GL> > Checking /usr: > Include=/usr/local/include/GL/gl.h Library=/usr/local/lib/<GLU+GL> > Checking /usr/local: > Include=/usr/local/include/GL/gl.h Library=/usr/local/lib/<GLU+GL> > Exception: Failure "Cannot find library". > Error: Exec error: File /home/nlucaroni/godi/build/conf/conf-opengl/./../../mk/bsd.pkg.mk, line 1022: Command returned with non-zero exit code > Error: Exec error: File /home/nlucaroni/godi/build/conf/conf-opengl/./../../mk/bsd.pkg.mk, line 1375: Command returned with non-zero exit code ### Error: Command fails with code 1: godi_console edit - Ok, this is fixed too... just needed GLU, weird since the test configuration option said everything was fine.","47678","1"
"166370","Like the other posters I think you should just put them wherever feels most natural. Read man hier if you'd like to see what directories in the standard UNIX hierarchy are meant for. I like putting things somewhere logical under /var Another very important consideration is that you should never put your Rails application directory somewhere where RAILS_ROOT will be accessible on the web. So sticking an entire Rails application in the subdirectory of a regular site is a big no-no.","171184","1"
"168116","Perhaps you want getrusage()? Not all fields are maintained under linux however. Perhaps enabling the CONFIG_TASK_IO_ACCOUNTING will cause them to be maintained?","171216","1"
"14032","Mmm I think the Linux version of MySQL Workbench is out for download at: http://forums.mysql.com/read.php?3,56274,56274#msg-56274 You can see the pre-release announcement here: http://dev.mysql.com/workbench/?p=138 They are still in alpha, but judging from the windows version this is gonna be "THE" ERD tool. PD: For the ubuntu part, you are in luck, they say that ubuntu is "our Linux distro of choice".","65420","2"
"60763","For starters, the best way is to read a lot of code. Since Linux is Open Source, you'll find dozens of drivers. Find one that works in some ways like what you want to write. You'll find some decent and relatively easy-to-understand code (the loopback device, ROM fs, etc.) You can also use the lxr.linux.no , which is the Linux code cross-referenced. If you have to find out how something works, and need to look into the code, this is a good and easy way. There's also an O'Reilly book (Understanding the Linux Kernel, the 3rd edition is about the 2.6 kernels) or if you want something for free, you can use the Advanced Linux Programing book ( http://www.advancedlinuxprogramming.com/ ). There are also a lot of specific documentation about file systems, networking, etc.","65433","3"
"171676","Your library should be named libfoo.so.2.y.z , with symlinks of libfoo.so.2 and libfoo.so both pointing to that. The library should be created using -soname libfoo.so.2 in the linker command line (or -Wl,-soname,libfoo.so.2 on the gcc command line). Hope that helps!","171682","8"
"94486","You're not missing anything. Furthermore, if you actually want any useful applications, you're going to have to do a lot more downloading than that even. The point is, the small network install CD lets you download whichever version of those components that you want, and the latest version of portage, etc, instead of providing you with (likely) outdated copies on the full CD.","99480","1"
"131303","With ps or similar tools you will only get the amount of memory pages allocated by that process. This number is correct, but: does not reflect the actual amount of memory used by the application, only the amount of memory reserved for it can be misleading if pages are shared, for example by several threads or by using dynamically linked libraries If you really want to know what amount of memory your application actually uses, you need to run it within a profiler. For example, Valgrind can give you insights about the amount of memory used, and, more importantly, about possible memory leaks in your program. The heap profiler tool of Valgrind is called 'massif': Massif is a heap profiler. It performs detailed heap profiling by taking regular snapshots of a program's heap. It produces a graph showing heap usage over time, including information about which parts of the program are responsible for the most memory allocations. The graph is supplemented by a text or HTML file that includes more information for determining where the most memory is being allocated. Massif runs programs about 20x slower than normal. As explained in the Valgrind documentation , you need to run the program through Valgrind: valgrind --tool=massif Massif writes a dump of memory usage snapshots (e.g. massif.out.12345 ). These provide, (1) a timeline of memory usage, (2) for each snapshot, a record of where in your program memory was allocated. A great graphical tool for analyzing these files is massif-visualizer . But I found ms_print , a simple text-based tool shipped with Valgrind, to be of great help already. To find memory leaks, use the (default) memcheck tool of valgrind. Newer tools I did not try myself are HeapTrack and the heap profiler in gperftools .","131346","436"
"117055","The Linux kernel is released under the GPLv2 and you can use it as part of a closed-source OS but you have to keep the kernel and all modifications released GPLv2. Edit: Btw, you may want to use something like OpenSolaris instead. It's much easier to work with, in my opinion (obviously very subjective), and you can keep modifications closed-source if you so choose, so long as you follow the terms of the CDDL.","117065","4"
"117055","It's GPL version 2 and you may certainly not close its source.","117068","2"
"117055","It is GPL. Short answer -- no.","117071","0"
"60736","Steps I've taken to make my laptop a Subversion server. Credit must go to AlephZarro for his directions here . I now have a working SVN server (which has currently only been tested locally). Specific setup: Kubuntu 8.04 Hardy Heron Requirements to follow this guide: apt-get package manager program text editor (I use kate) sudo access rights 1: Install Apache HTTP server and required modules: sudo apt-get install libapache2-svn apache2 The following extra packages will be installed: apache2-mpm-worker apache2-utils apache2.2-common 2: Enable SSL sudo a2enmod ssl sudo kate /etc/apache2/ports.conf Add or check that the following is in the file: Listen 443 3: Generate an SSL certificate: sudo apt-get install ssl-cert sudo mkdir /etc/apache2/ssl sudo /usr/sbin/make-ssl-cert /usr/share/ssl-cert/ssleay.cnf /etc/apache2/ssl/apache.pem 4: Create virtual host sudo cp /etc/apache2/sites-available/default /etc/apache2/sites-available/svnserver sudo kate /etc/apache2/sites-available/svnserver Change (in ports.conf): "NameVirtualHost *" to "NameVirtualHost *:443" and (in svnserver) to Add, under ServerAdmin (also in file svnserver): SSLEngine on SSLCertificateFile /etc/apache2/ssl/apache.pem SSLProtocol all SSLCipherSuite HIGH:MEDIUM 5: Enable the site: sudo a2ensite svnserver sudo /etc/init.d/apache2 restart To overcome warnings: sudo kate /etc/apache2/apache2.conf Add: "ServerName $your_server_name" 6: Adding repository(ies): The following setup assumes we want to host multiple repositories. Run this for creating the first repository: sudo mkdir /var/svn REPOS=myFirstRepo sudo svnadmin create /var/svn/$REPOS sudo chown -R www-data:www-data /var/svn/$REPOS sudo chmod -R g+ws /var/svn/$REPOS 6.a. For more repositories: do step 6 again (changing the value of REPOS), skipping the step mkdir /var/svn 7: Add an authenticated user sudo htpasswd -c -m /etc/apache2/dav_svn.passwd $user_name 8: Enable and configure WebDAV and SVN: sudo kate /etc/apache2/mods-available/dav_svn.conf Add or uncomment: DAV svn # for multiple repositories - see comments in file SVNParentPath /var/svn AuthType Basic AuthName "Subversion Repository" AuthUserFile /etc/apache2/dav_svn.passwd Require valid-user SSLRequireSSL 9: Restart apache server: sudo /etc/init.d/apache2 restart 10: Validation: Fired up a browser: http://localhost/svn/$REPOS https://localhost/svn/$REPOS Both required a username and password. I think uncommenting: in /etc/apache2/mods-available/dav_svn.conf , would allow anonymous browsing. The browser shows "Revision 0: /" Commit something: svn import --username $user_name anyfile.txt https://localhost/svn/$REPOS/anyfile.txt -m “Testing” Accept the certificate and enter password. Check out what you've just committed: svn co --username $user_name https://localhost/svn/$REPOS Following these steps (assuming I haven't made any error copy/pasting), I had a working SVN repository on my laptop.","60792","146"
"117055","Linux has the GPL (v2) as its licence, which means you have to open source any derivative works. You may want to use BSD, its license is a lot les restrictive in what you can do with derived works","117084","1"
"60763","For embedded Linux hacking, simple Linksys WRT54G router that you can buy everywhere is a development platform on its own http://en.wikipedia.org/wiki/Linksys_WRT54G_series : The WRT54G is notable for being the first consumer-level network device that had its firmware source code released to satisfy the obligations of the GNU GPL. This allows programmers to modify the firmware to change or add functionality to the device. Several third-party firmware projects provide the public with enhanced firmware for the WRT54G. I've tried installing OpenWrt and DD-WRT firmware on it. You can check those out as a starting point for hacking on a low-cost platform.","60812","3"
"174069","In Gnome use System -> Settings -> Menu then just choose New Menu or New Entry.","174082","0"
"174069","Maybe xdg-desktop-menu does that? See man xdg-desktop-menu or http://manpages.ubuntu.com/manpages/hardy/en/man1/xdg-desktop-menu.html .","174087","1"
"139373","This isn't quite the solution you are looking for but one option is to utilize the build system to configure these values. Create a config.h.in and a target.ld.in which acts as templates and have the build system produce a config.h with the correct define and a target.ld with the correct address for the target you are building. We use CMake for our embedded systems and it supports this kind of thing. GNU autoconf does too but I never really liked it personally.","139799","5"
"126141","You can also just open synaptic and search for libgtk, it will show you exactly which lib is installed.","174254","3"
"117055","I think you're going to have to be more specific about what you mean by 'OS'. It's by no means a clear concept. Some would say that the kernel is all of the OS. Others would say that the shell and core utilities such as 'ls' are part of the OS. Others would go as far as to say that standard applications such as Notepad are part of the OS. IANAL, but I don't believe there's anything to stop you from bundling the Linux kernel with a load of closed-source programs of your own. Take care not to use any GPL library code however (LGPL is OK). I do question your motives.","117112","3"
"111281","I wrote a support request to VMware, and they assured me that my patch will reach the VMware server team.","151123","0"
"172321","I believe there are not any bindings for Mono. You could look at the Python ALSA bindings and the Mono D-BUS bindings and try to build your own. However, it would probably be better and easier for you to just use GStreamer. The Mono GStreamer bindings are mature and work well.","172328","2"
"117055","You can always keep any extensions (modules) and/or applications you write closed source, but the kernel itself will need to remain open source. There's a not-so-obvious aspect of the GPLv2 that you can exploit while testing the system: you only need to release source code to those who have access to the system. The GPLv2 states that you need to give full access to the source code to anyone with access to the binary/compiled distribution of the program. So, if you are only going to use the software inside of the company that is paying to develop it, you don't need to distribute the source code to the rest of the world, but just them.","117120","0"
"131303","It is hard to tell for sure, but here are two "close" things that can help. $ ps aux will give you Virtual Size (VSZ) You can also get detailed statistics from the /proc file-system by going to /proc/$pid/status . The most important is the VmSize, which should be close to what ps aux gives. /proc/19420$ cat status Name: firefox State: S (sleeping) Tgid: 19420 Pid: 19420 PPid: 1 TracerPid: 0 Uid: 1000 1000 1000 1000 Gid: 1000 1000 1000 1000 FDSize: 256 Groups: 4 6 20 24 25 29 30 44 46 107 109 115 124 1000 VmPeak: 222956 kB VmSize: 212520 kB VmLck: 0 kB VmHWM: 127912 kB VmRSS: 118768 kB VmData: 170180 kB VmStk: 228 kB VmExe: 28 kB VmLib: 35424 kB VmPTE: 184 kB Threads: 8 SigQ: 0/16382 SigPnd: 0000000000000000 ShdPnd: 0000000000000000 SigBlk: 0000000000000000 SigIgn: 0000000020001000 SigCgt: 000000018000442f CapInh: 0000000000000000 CapPrm: 0000000000000000 CapEff: 0000000000000000 Cpus_allowed: 03 Mems_allowed: 1 voluntary_ctxt_switches: 63422 nonvoluntary_ctxt_switches: 7171","131399","210"
"60763","If you are completely new to kernel development, i would suggest not starting with hardware development and going to some "software-only" kernel modules like proc file / sysfs or for more complex examples filesystem / network development , developing on a uml/vmware/virtualbox/... machine so crashing your machine won't hurt so much :) For embedded development you could go for a small ARM Development Kit or a small Via C3/C4 machine, or any old PC which you can burn with your homebrew USB / PCI / whatever device. A good place to start is probably Kernelnewbies.org - which has lots of links and useful information for kernel developers, and also features a list of easy to implement tasks to tackle for beginners. Some books to read: Understanding the Linux Kernel - a very good reference detailing the design of the kernel subsystems Linux Device Drivers - is written more like a tutorial with a lot of example code, focusing on getting you going and explaining key aspects of the linux kernel. It introduces the build process and the basics of kernel modules. Linux Kernel Module Programming Guide - Some more introductory material As suggested earlier, looking at the linux code is always a good idea, especially as Linux Kernel API's tend to change quite often ... LXR helps a lot with a very nice browsing interface - lxr.linux.no To understand the Kernel Build process, this link might be helpful: Linux Kernel Makefiles (kbuild) Last but not least, browse the Documentation directory of the Kernel Source distribution! Here are some interesting exercises insolently stolen from a kernel development class: Write a kernel module which creates the file /proc/jiffies reporting the current time in jiffies on every read access. Write a kernel module providing the proc file /proc/sleep. When an application writes a number of seconds as ASCII text into this file ("echo 3 > /proc/sleep"), it should block for the specified amount of seconds. Write accesses should have no side effect on the contents of the file, i.e., on the read accesses, the file should appear to be empty (see LDD3, ch. 6/7) Write a proc file where you can store some text temporarily (using echo "blah" > /proc/pipe) and get it out again (cat /proc/pipe), clearing the file. Watch out for synchronisation issues. Modify the pipe example module to register as a character device /dev/pipe, add dynamic memory allocation for write requests. Write a really simple file system.","174559","33"
"131303","Get Valgrind . Give it your program to run, and it'll tell you plenty about its memory usage. This would apply only for the case of a program that runs for some time and stops. I don't know if Valgrind can get its hands on an already-running process or shouldn't-stop processes such as daemons.","131462","6"
"117055","You must keep the source open, and any works derived from the code, however, if you use the Kernel, write your own application stack on top of that (pretty much ALL the GNU stuff) then you don't have to open that up. The GPL says that "derived" works... so if you're writing new code, instead of expanind on, then that's fine. In fact, you could even, for example, use the GNU toolchain, the Linux Kernel, and then have your own system on top of that (or just a DE) that is closed source. It's when you modify/derive from something that you have to keep it open!","117148","2"
"117055","Generally I would say that you're allowed to do such a thing, as long as you provide the source for the kernel, but there's one point where I'm unsure: On a normal Linux system between the (GPL) kernel and a non-GPL compatible application, there is always the GNU libc, which is LGPL and thus allows derived works that are non-free. Now, if you have a non-free libc, that might be considered a derived work, since you are directly calling the kernel, and also using kernel headers. As many others have said before, you might be better off using a *BSD.","117163","0"
"166744","I work for Novell, so I am going to recommend OpenSUSE as the distribution to use for Mono of course. When you use OpenSUSE, not only you get Mono, but there are hundreds of open source libraries and .NET based applications that we have ported and make available through our update system. Additionally, many of the preview features are available as packages that are ready to install on OpenSUSE. Other distributions tend to lag behind in both of the above areas. Besides, the more OpenSUSE out there, the more funds that we get to continue to improve Mono.","172760","37"
"182554","If you need very small time units to for (I assume) testing the speed of your software, I would reccomend just running the parts you want to time in a loop millions of times, take the time before and after the loop and calculate the average. A nice side-effect of doing this (apart from not needing to figure out how to use nanoseconds) is that you would get more consistent results because the random overhead caused by the os sceduler will be averaged out. Of course, unless your program doesn't need to be able to run millions of times in a second, it's probably fast enough if you can't measure a millisecond running time.","183174","3"
"182554","I believe CFC ( Completely Fair Scheduler ) is what you're looking for.","183182","1"
"182554","You can use the High Precision Event Timer ( HPET ) if you have a fairly recent 2.6 kernel. Check out Documentation/hpet.txt on how to use it. This solution is platform dependent though and I believe it is only available on newer x86 systems. HPET has at least a 10MHz timer so it should fit your requirements easily. I believe several PowerPC implementations from Freescale support a cycle exact instruction counter as well. I used this a number of years ago to profile highly optimized code but I can't remember what it is called. I believe Freescale has a kernel patch you have to apply in order to access it from user space.","183224","1"
"152003","Have you run them through commercial scanners? I used to be an admin for a product that ran files through 4 commercial scanners in parallel. I had a test virus corpus of several hundred and none of the commercial scanners could find them all...","173087","0"
"172905","No offense intended, but the answer about using bind() is quite wrong. bind() will control the source IP address placed within the packet IP header. It does not control which interface will be used to send the packet: the kernel's routing table will be consulted to determine which interface has the lowest cost to reach a particular destination. (*see note) Instead, you should use an SO_BINDTODEVICE sockopt. This does two things: Packets will always egress from the interface you specified, regardless of what the kernel routing tables says. Only packets arriving on the specified interface will be handed to the socket. Packets arriving on other interfaces will not. If you have multiple interfaces you want to switch between, I'd suggest creating one socket per interface. Because you'll also only receive packets to the interface you've bound to, you'll need to add all of these sockets to your select() / poll() /whatever you use. #include <net/if.h> struct ifreq ifr; memset(&ifr, 0, sizeof(ifr)); strncpy(ifr.ifr_name, "eth1", sizeof(ifr.ifr_name)); if (setsockopt(s, SOL_SOCKET, SO_BINDTODEVICE, (void *)&ifr, sizeof(ifr)) < 0) { perror("SO_BINDTODEVICE failed"); } (*note) Bind() to an interface IP address can lead to confusing but nonetheless correct behavior. For example if you bind() to the IP address for eth1, but the routing table sends the packet out eth0, then a packet will appear on the eth0 wire but carrying the source IP address of the eth1 interface. This is weird but allowed, though packets sent back to the eth1 IP address would be routed back to eth1. You can test this using a Linux system with two iP interfaces. I have one, and did test it, and bind() is not effective in steering the packet out a physical interface. Though technically allowed, depending on topology this may nonetheless not work. To dampen distributed denial of service attacks where the attackers use forged IP source addresses, many routers now perform Reverse Path Forwarding (RPF) checks. Packets with a source IP address on the "wrong" path may be dropped.","173193","18"
"14911","You might want to take a look at FOP, which stands for Formatting Objects Processor. It can generate PDF files on linux since it is Java based. From their site: Apache FOP (Formatting Objects Processor) is a print formatter driven by XSL formatting objects (XSL-FO) and an output independent formatter. It is a Java application that reads a formatting object (FO) tree and renders the resulting pages to a specified output. Output formats currently supported include PDF, PS, PCL, AFP, XML (area tree representation), Print, AWT and PNG, and to a lesser extent, RTF and TXT. The primary output target is PDF. You can find it here","113425","1"
"106045","That's pretty much the best practice. You may be familiar with this pattern from other web applications: The daemon is frequently a database. :)","106073","3"
"189906","You'll need to build your own copy under your own account. mkdir ~/src cd ~/src wget http://subversion.tigris.org/downloads/subversion-1.5.2.tar.bz2 wget http://subversion.tigris.org/downloads/subversion-deps-1.5.2.tar.bz2 tar -xjf subversion-1.5.2.tar.bz2 tar -xjf subversion-deps-1.5.2.tar.bz2 cd subversion-1.5.2 ./configure --prefix=/home/$USER --with-ssl make make install You'll also need to alter your path for this to work if you haven't already.","189948","5"
"159251","Not exactly what you are looking for, but the Singstar lookalike Ultrastar-NG at least does something like this. http://ultrastar-ng.sourceforge.net/","159293","0"
"130327","Joe: I think NIS is considered legacy Unix stuff these days. I wouldn't recommend it to anyone on a new deployment. At the company where I work, we run Apple's Open Directory for our LDAP directory and Kerberos KDC. You can achieve the same thing using Red Hat's directory server (mentioned by Jay above), or something like Apache Directory . While LDAP and Kerberos can be daunting at first, and a bit challenging to get working, I think the effort is quite worthwhile. You can easily scale both up to whatever size you need. For the Windows end of things, you can hook Samba in to LDAP and authenticate your Windows clients against that.","131705","1"
"159251","Checkout Audacity . It came out of a project to do musical pitch analysis.","159295","5"
"159251","I'm unaware of any software package that has this built in. If you're interested in writing something like this, you'll want to look at Discrete Fourier Transforms . This turns a time-series sample into a collection of frequencies. But this leaves you with no information about when the various frequencies occur, so you must do a windowed Fourier Transform, with windows of whatever time-resolution you want. Increasing the time resolution decreases the frequency resolution, however. The simplest thing to do is to figure out the largest frequency component in any window and call that the frequency. But real music (a) has chords and (b) has overtones and undertones. In addition singing often has "tremolo", where the singer varies the actual pitch around the theoretical pitch the music is marked at.","159329","0"
"106201","Solution I installed two pieces of software: PuTTY XMing-mesa The mesa part is important. PuTTY configuration Connection->Seconds Between Keepalives: 30 Connection->Enable TCP Keepalives: Yes Connection->SSH->X11->Enable X11 forwarding: Yes Connection->SSH->X11->X display location: localhost:0:0 Lauching Run Xming which will put simply start a process and put an icon in your system tray. Launch putty, pointing to your linux box, with the above configuration. Run program Hopefully, Success!","106218","11"
"106201","You could also use VNC ( like cross platform remote desktop ) X is more efficent since it only sends draw commands rather than pixels, but if you are using opengl it is likely that most of the data is a rendered image anyway. Another big advantage of VNC is that you can start the program locally on the server and then connect to it with VNC, drop the connection, reconnect from another machine etc without disturbing the main running program.","106225","2"
"106201","If you want the OpenGL rendering to be performed on your local machine, using a Windows X server, like Xming is a good solution. However, if you want rendering to be done on the remote end with just images sent to the local machine, you want a specialized VNC system that can handle remote OpenGL rendering, like VirtualGL .","106270","6"
"50096","You can script it with a tool like expect (there are handy bindings too, like Pexpect for Python).","50102","42"
"50042","If you just need to know it for 3D graphics development purposes, you may want to look into something like gDEBugger or, if you only care about NVIDIA cards, you can try NVIDIA PerfHUD . I have not used them myself, but I would expect them to track such information.","50111","0"
"50096","Here is an example of how you do it with expect tool: sub copyover { $scp = Expect->spawn("/usr/bin/scp ${srcpath}/$file $who:${destpath}/$file"); $scp->expect(30,"ssword: ") || die "Never got password prompt from $dest:$!\n"; print $scp 'password' . "\n"; $scp->expect(30,"-re",'$\s') || die "Never got prompt from parent system:$!\n"; $scp->soft_close(); return; }","50113","9"
"50074","Dave Miller (person in charge of networking in the linux kernel) and their fellow henchmen all inhabit the lkml or Linux Kernel Mailing List . If you can provide a reasonably decent bug report they'll get you a reasonable answer. On the other hand if you tell them it's a very old kernel, they'll tell you to try the newest... At the very least you can try searching its archives.","50127","5"
"189906","This might be a security measure, if the system is compromised it will theoretically be harder for the malicious user to build more attack code on the system to get more access. The solution to this is to cross compile the code on a local machine, then transfer it to the server. If you can't install to the system as Aupajo suggests, put the executable in your $HOME/bin directory. Keep in mind though that this probably means that you won't have permission to run the svn server, just the client application. Here's a link on using debian to do cross compiling, some google searches should provide more information for you though.","194115","0"
"50159","to learn what libraries a binary uses, use ldd ldd path/to/the/tool You'd have to write a little shell script to get to your system-wide breakdown.","50166","65"
"179448","No, but you can use dcop (KDE3) or qdbus (KDE4) from within the script to query KMail/Akregator about what the most recent new item is.","181125","1"
"50159","Use ldd to list shared libraries for each executable. Cleanup the output Sort, compute counts, sort by count To find the answer for all executables in the "/bin" directory: find /bin -type f -perm /a+x -exec ldd {} \; \ | grep so \ | sed -e '/^[^\t]/ d' \ | sed -e 's/\t//' \ | sed -e 's/.*=..//' \ | sed -e 's/ (0.*)//' \ | sort \ | uniq -c \ | sort -n Change "/bin" above to "/" to search all directories. Output (for just the /bin directory) will look something like this: 1 /lib64/libexpat.so.0 1 /lib64/libgcc_s.so.1 1 /lib64/libnsl.so.1 1 /lib64/libpcre.so.0 1 /lib64/libproc-3.2.7.so 1 /usr/lib64/libbeecrypt.so.6 1 /usr/lib64/libbz2.so.1 1 /usr/lib64/libelf.so.1 1 /usr/lib64/libpopt.so.0 1 /usr/lib64/librpm-4.4.so 1 /usr/lib64/librpmdb-4.4.so 1 /usr/lib64/librpmio-4.4.so 1 /usr/lib64/libsqlite3.so.0 1 /usr/lib64/libstdc++.so.6 1 /usr/lib64/libz.so.1 2 /lib64/libasound.so.2 2 /lib64/libblkid.so.1 2 /lib64/libdevmapper.so.1.02 2 /lib64/libpam_misc.so.0 2 /lib64/libpam.so.0 2 /lib64/libuuid.so.1 3 /lib64/libaudit.so.0 3 /lib64/libcrypt.so.1 3 /lib64/libdbus-1.so.3 4 /lib64/libresolv.so.2 4 /lib64/libtermcap.so.2 5 /lib64/libacl.so.1 5 /lib64/libattr.so.1 5 /lib64/libcap.so.1 6 /lib64/librt.so.1 7 /lib64/libm.so.6 9 /lib64/libpthread.so.0 13 /lib64/libselinux.so.1 13 /lib64/libsepol.so.1 22 /lib64/libdl.so.2 83 /lib64/ld-linux-x86-64.so.2 83 /lib64/libc.so.6 Edit - Removed "grep -P"","50218","327"
"50182","For the mouse you can use GPM . I'm not sure off the top of my head for keyboard or joystick. It probably wouldn't be too bad to read directly off there /dev files if need be. Hope it helps","50220","2"
"50042","NVIDIA PerfKit has a linux version which allows real-time monitoring of various graphics card properties, including graphics card memory usage. Obviously, this only works for NVIDIA graphics cards, and it also requires the use of a special instrumented driver.","77923","2"
"194896","Looking through all the memory-related functions I discovered I can use munlock() to determine if the page is valid. bool is_address_valid(ADDRINT addr) { static int pagesize = getpagesize(); const void *foo = (const void *)(addr / pagesize * pagesize); if (munlock(foo, 1) == -1) { fprintf(stderr, "munlock(%p=>%p, 1) failed: %s\n", addr, foo, strerror(errno)); return false; } return true; } Pretty disgusting, but it does prevent my code from crashing.","194998","2"
"168116","Look at the pseudo-files under /proc/ / . Maybe you can find what you need there. Look at man 5 proc , or failing that the kernel documentation. However, I don't see much that looks promising. Sorry.","168123","1"
"50159","With ldd you can get the libraries that tools use. To rank the usage of libraries for a set of tool you can use something like the following command. ldd /bin/* /usr/bin/* ... | sed -e '/^[^\t]/ d; s/^\t\(.* => \)\?\([^ ]*\) (.*/\2/g' | sort | uniq -c (Here sed strips all lines that do not start with a tab and the filters out only the actual libraries. With sort | uniq -c you get each library with a count indicating the number of times it occurred.) You might want to add sort -g at the end to get the libraries in order of usage. Note that you probably get lines two non-library lines with the above command. One of static executables ("not a dynamic executable") and one without any library. The latter is the result of linux-gate.so.1 which is not a library in your file system but one "supplied" by the kernel.","50245","4"
"179448","i think that what you're asking is "can i use knotify to execute a command when kmail receives mail with subject Foo?" No, but you can create a filter in kmail to do the same. Under Settings > Configure Filters, you'll be able to create a new filter; in the lower left corner there's a Help button that goes over all the advanced features, including how to pipe received emails through external applications. if that's not what you're looking for, you'll need to clarify your question.","181359","1"
"168170","Yes, with some caveats. It's called Mono .","168175","11"
"168170","Mono is a .NET-compatible platform, including compiler and runtime. The Mono Migration Analyzer helps figure out compatibility issues.","168176","26"
"174069","Not sure what you meant exactly with "in openSUSE the .directory file is mandatory or else the program group does not shows up"; generally I suppose you have to call xdg-desktop-menu twice (once for the program group and once for the program itself), and so you have to supply two different .directory files as well. If the program group is empty, it makes sense that the desktop hides it. (But maybe I completely misunderstood you here :-) and I've never used xdg-desktop-menu myself anyway).","183763","0"
"168170","The Mono project provides a standards compliant implementation of the CLR virtual machine component of .Net. They've also reverse engineered a significant number of the framework portion of .Net. You'll have significant issues trying to develop WinForms apps. Mono provides a list of several graphical toolkits you can use: http://www.mono-project.com/Gui_Toolkits (it looks like they actually support WinForms now; though I'm not sure of the extent of that support). Note that the Mono port of Silverlight, Moonlight, is officially endorsed by Microsoft. So if you can get away with using that, it might be your best shot for cross-platform compatibility.","168192","3"
"182554","http://allmybrain.com/2008/06/10/timing-cc-code-on-linux/ might be of help to you (directly if you are doing it in C/C++, but I hope it will give you pointers even if you're not)... It claims to provide microsecond accuracy, which just passes your criterion. :)","183770","1"
"166370","I tend to create a dedicated user for each rails app I run and install, and add that user to the www-data group. So, I tend to have /home/mephisto/www , /home/warehouse/www and so on. I do this purely for organization, and I don't think it matters much.","166415","3"
"166370","I use Ubuntu and deploy under /var/rails/appname (underneath that are /releases and /current from Capistrano). I do this to have a little separation between app types: rails, php, static, ... I don't think it really matters, as long as you set permissions and ownership properly.","166422","2"
"165212","If you're the current process, you can write a file to /tmp and check its setting. A better solution is to call umask(3) passing zero - the function returns the setting prior to the call - and then reset it back by passing that value back into umask. The umask for another process doesn't seem to be exposed.","165305","2"
"202706","I would say it has to do with then open source movement attracting more coders then artists. Also remember that Apple spends a lot of money on their user interface and they still take criticism .","202720","11"
"202706","You know, it's just a different approach. The differences between particular themes are inevitable, as there isn't any sort of common guidelines, AFAIK. For me, Linux themes are completely integral, I've yet to experience any sort of feeling of awkwardness.","202724","1"
"165212","From the GNU C Library manual: Here is an example showing how to read the mask with umask without changing it permanently: mode_t read_umask (void) { mode_t mask = umask (0); umask (mask); return mask; } However, it is better to use getumask if you just want to read the mask value, because it is reentrant (at least if you use the GNU operating system). getumask is glibc-specific, though. So if you value portability, then the non-reentrant solution is the only one there is. Edit: I've just grepped for ->umask all through the Linux source code. There is nowhere that will get you the umask of a different process. Also, there is no getumask ; apparently that's a Hurd-only thing.","165327","9"
"77990","There are characters that can be sent to the terminal that move the cursor back. Then text can be overwritten. There is a list here . Note the "move cursor something" lines.","78007","2"
"202706","Well, the OSX-like theme has unaligned text placement but most of the others on the page you linked looks fine to me? Also, It's not too hard to fix those things. As @nemo stated, there are "way" more coders than artists in free software world. If you make suggestions as an artist to a theme maker, they will probably be incorporated in the next release. That's how free and open source software world works.","202788","1"
"197033","select value from v$parameter where name = 'background_dump_dest'","197108","18"
"197033","Using @ cagcowboy's answer , a default Oracle XE installation on Linux writes out to: /usr/lib/oracle/xe/app/oracle/admin/XE/bdump","197120","5"
"77990","If you terminate a line sent to the terminal with a carriage return ('\r') instead of a linefeed ('\n'), it will move the cursor to the beginning of the current line, allowing the program to print more text over top of what it printed before. I use this occasionally for progress messages for long tasks. If you ever need to do more terminal editing than that, use ncurses or a variant thereof.","78017","4"
"202706","The quality of the themes also vary.. It shouldn't be that hard to find a theme that's "horribly wrong" because of its basic choices and priorities. Personally, I like very compressed themes. I even used the Enlightenment window manager, known for it's eye-candy, to get rid of window decorations completely. So I might choose a violently cramped theme and be very happy, despite the odd glitches that make you wig out. I'd instead say that Gtk/Gnome is really the reason you are looking at a GNU/Linux desktop at all . The stuff that went before it was truly heinous all the time! (No offence to the creators of XAW, but they probably didn't have "lickable" as a goal...)","202931","4"
"202706","I'm using KDE with one of default themes (Plastic) and I'm yet to see anything awkward there. I also use Gtk2 applications and still haven't seen anything awkward there. You should know that using any theme that is not officially supported by Gnome/KDE can have bugs. However, all this can be very subjective. For example, I find some of Windows XP UI to be awkward and/or just plain ugly. Different people have different tastes and habits. Maybe it's because I used Windows98, then Linux, then Windows XP, so everything is awkward. And you are probably coming from the other direction.","202948","2"
"202706","The problem is twofold: Everyone seems to use the UI toolkit of their choice, which leads to a horrid mismatch of apps. UI designers cost good money, so most UI work in Linux is amatuer, and it shows. Additionally, theming is evil and should never have been implemented. But thats just my IHMO, it totally ruins consistency.","202959","2"
"77990","To build on @Corporal Touchy's answer, there are libraries available that will handle some of this functionality for you such as curses/ncurses","78028","0"
"51501","Sometime ago I published an article about cross-target debugging with GDB and GDBServer. The target processor there is PPC7450, but it's rather detailed, so maybe you'll find it useful.","202989","2"
"70453","If you aim at having a simple script program "controlling" another (command-line, of course) program, then you should review Tcl/Tk, especially its dialect expect - they're simple and oriented towards that goal - it's very easy to create a script that controls ftp and even does a su with them! Awk's very nice to process text files - not as powerful as perl, yet much more simple and straightforward (and without the horrible syntax). Of course, your mileage may vary, so I guess the best answer would be to ask you: what do you want to write scripts for? And then: Are you familiar with any language script? The answers to these questions will point you to the scripting language you should use, according to the pros/cons of each one and their main target.","124497","-1"
"202706","The entire linux desktop doesn't have the visual integrity of OSX for instance, and I wonder why. If there is any example of a nice integrated Linux environment, please please please show me, I really WANT to use Linux. (and I know, there's QT, and other managers like KDE etc. I noticed the same thing, so it probably isn't GTK or Gnome alone) You basically just answered your own question - Mac OS X has one desktop environment (centered around Cocoa), which has a lot of very good programmers and designers spending much time designing, discussing and implementing it. With "Linux", there's not only different window managers (Gnome, KDE, Flux/OpenBox, Enlightenment, etc etc), there's different UI toolkits (QT, GTK+, Tk, wx, etc etc), different versions (in common use), and countless different ways of using/implementing them.. Compare List of (mainly) Linux GUI toolkits compared to for Macintosh (all of those, bar Cocoa, are for old Mac OS versions). There's many good designers and programmers working on GUI toolkits, but they are spread over so many different projects. Even if they somehow were put onto a single project (Say, "wxQtGnome"), there would still be countless applications that use a different framework, or even a different version of one.. Then you still have the problem with inconsistency. Again, compared to Mac OS X, where if you have a GUI application, chances are it will be using Cocoa (which has a decent UI creation tool, which helps developers layout applications according to Apples Human UI Guidelines).. As for a nice, integrated linux desktop environment - I would say the default Ubuntu installation is probably the closest to this. A decent theme, and all the applications fit fairly well together.","203012","11"
"77990","try this shellscript #!/bin/bash i=1 while [ true ] do echo -e -n "\r $i" i=$((i+1)) done the -n options prevents the newline ... and the \r does the carriage return ... you write again and again into the same line - no scroling or what so ever","78039","5"
"77990","Corporal Touchy has answered how this is done at the lowest level. For easier development the curses library gives a higher level of control than simply sending characters to the terminal.","78041","1"
"183578","mkmf is a Ruby module which generates Makefiles. It is supposed to be part of the standard Ruby install, but Debian (and derivatives) split it out into the ruby1.8-dev package. If you can't find mkmf.rb in any of the directories outputted by ruby -e'print $:.join("\n")' , then you should figure out what you need to install.","183875","6"
"151687","If you just want to read kernel printk messages from the console, and not actually run getty or a shell on it, you can use netconsole. You can supply the following to your bootloader kernel options (or to modprobe netconsole): netconsole=4444@10.0.0.1/eth1,9353@10.0.0.2/12:34:56:78:9a:bc where 4444 is the local port, 10.0.0.1 is the local ip, eth1 is the local interface to send the messages out of. 9353 is the remote port, 10.0.0.2 is the remote ip to send the messages to, and the final argument is your remote (eg: your desktop) system's mac address. Then to view the messages run: netcat -u -l -p 9353 You can read more about this in Documentation/networking/netconsole.txt","151703","3"
"77990","Many applications make use of the curses library, or some language binding to it. For rewriting on a single line, such as updating progress information, the special character " carriage return ", often specified by the escape sequence "\r", can return the cursor to the start of the current line allowing subsequent output to overwrite what was previously written there.","78050","5"
"77990","NCurses is a cross-platform library that lets you draw user interfaces on smart terminals.","78051","1"
"151687","You can access the printk message buffer from a shell using dmesg. The kernel buffer is of finite size and will overwrite the oldest entries with the most recent, so you'd need to either check dmesg periodically or hook up netconsole as @bmdhacks suggests. If there is no console you'll miss any oops information printed out by a kernel crash. Even using netconsole may not help there, if the kernel dies and begins to reboot before TCP manages to deliver the output to the remote socket. We generally modify kernel/panic.c:panic() to save register contents and other state to an area of NOR flash, so there will be at least some information available for post-mortem debugging.","151755","3"
"176476","I wont claim this is the "best" solution but it is "a" solution i have used. HTML Input --> HTML 2 PS --> PS 2 PDF --> PDF Output","176497","3"
"149324","You've got confused - that section is referring to options to automake itself. It's a way of setting the automake command-line options: -W CATEGORY --warnings=category Output warnings falling in category. category can be one of: gnu warnings related to the GNU Coding Standards (see Top). obsolete obsolete features or constructions override user redefinitions of Automake rules or variables portability portability issues (e.g., use of make features that are known to be not portable) syntax weird syntax, unused variables, typos unsupported unsupported or incomplete features all all the warnings none turn off all the warnings error treat warnings as errors A category can be turned off by prefixing its name with ‘no-’. For instance, -Wno-syntax will hide the warnings about unused variables. The categories output by default are ‘syntax’ and ‘unsupported’. Additionally, ‘gnu’ and ‘portability’ are enabled in --gnu and --gnits strictness. The environment variable WARNINGS can contain a comma separated list of categories to enable. It will be taken into account before the command-line switches, this way -Wnone will also ignore any warning category enabled by WARNINGS. This variable is also used by other tools like autoconf; unknown categories are ignored for this reason. The per-file listed in section 17 refers to per-Makefile not source file. I'm not aware of any per-source file flag setting, but you can set the option for each result binary with: binaryname_CXXFLAGS","149642","2"
"174839","There is RSYNC which let's you synchornise files between installations. So you could just rsync your entire distro, or at least the directories that contain the programs and the configuration files. Also, I don't know if this is what you are asking, but you could turn your existing install into an ISO image, this would allow you to install it elsewhere, thus having a duplicate. Hope that helps","174870","1"
"174839","This guide should answer your direct question But I would recomend Rsync and simply clone entire /root. Its only expensive the first time. You can also create your own package repository and have all your machines run their daily updates from your repository.","174871","9"
"77990","I agree with danio, ncurses is the way to go. Here's a good tutorial: http://tldp.org/HOWTO/NCURSES-Programming-HOWTO/","78073","0"
"174839","If the drives and systems are identical, you might consider using dd to copy the source machine to the target. The only changes that would need to be made on booting the new machine would be to change the hostname. Once the machine has been duplicated, go with what the other answers have suggested, and look at rsync. You won't want to rsync everything, though: system log files etc should be left alone. Also, depending on how often "changes" are made to either system (from bookmarks to downloaded ISOs), you may need to run rsync in daemon mode, and have it update nearly constantly.","174882","1"
"166744","I've been using Ubuntu for Mono development for a while now, and I've found it perfectly satisfactory, execept that it's a little tough to set up Apache with mod_xsp to get the web portion working. The GTK# in MonoDevelop with a Stetic UI is fine though.","195608","0"
"176476","This would be total overkill, but you could download and install mirth . It is a message routing engine, but it has the ability to convert html to pdf, so you could set it up to pick up an html file in a folder, convert to pdf, and drop the pdf in the same or other folder. Like I said, overkill, a bit of a learning curve, but it's free, and java so you can run it on linux if you like. And all your perl app would have to do is drop the html to a file.","176510","2"
"152003","I would have a look at Clam AntiVirus . It provides a clamscan program that can scan a given file and return a pass/fail indication. It's free and automatically updates its database regularly. As for integrating such a product into your file upload process, that would be specific to whatever file upload process you actually use.","152014","14"
"75693","Could you give a bit more about your configuration please? What are the commands you are using? If I'm understanding your question that should work. Note that: You cannot take a pool offline to the point where it becomes faulted. For example, you cannot take offline two devices out of a RAID-Z configuration, nor can you take offline a top-level virtual device. Managing Devices in ZFS Storage Pools . ZFS Best Practices Guide .","78112","1"
"209305","I have not tried it, and it might be totally unwise for performance reasons (but if your app sleeps anyway, it might not be a problem), but: you might try setting the socket's receive buffer to some very small value before the sleep. I'm hoping this will cause the socket to not be able to buffer data that arrives when the application is not listening. It's kind of a long shot. Alternatively, perhaps resetting the receive buffer size after the sleep, when you're ready to start reading again, causes it to flush it as well. Of course, these kinds of tricks are just that, and even if they work they are most certainly not portable. I just thought I'd share the idea, if you have a chance of testing it it might help you.","212180","0"
"174839","Supposing you want to install Ubuntu on multiple identical systems you could try with the Automatic Install feature.","174950","2"
"174942","strace lists all system calls done by the process it's applied to. If you don't know what system calls mean, you won't be able to get much mileage from it. Nevertheless, if your problem involves files or paths or environment values, running strace on the problematic program and redirecting the output to a file and then grepping that file for your path/file/env string may help you see what your program is actually attempting to do, as distinct from what you expected it to.","174953","38"
"174942","Strace Overview strace can be seen as a light weight debugger. It allows a programmer / user to quickly find out how a program is interacting with the OS. It does this by monitoring system calls and signals. Uses Good for when you don't have source code or don't want to be bothered to really go through it. Also, useful for your own code if you don't feel like opening up GDB, but are just interested in understanding external interaction. A good little introduction Here is a gentle introduction to using strace to debug process hangs: strace introduction","174978","204"
"174942","In simple words, strace traces all system calls issued by a program along with their return codes. Think things such as file/socket operations and a lot more obscure ones. It is most useful if you have some working knowledge of C since here system calls would more accurately stand for standard C library calls. Let's say your program is /usr/local/bin/cough. Simply use: strace /usr/local/bin/cough or strace -o <out_file> /usr/local/bin/cough to write into 'out_file'. All strace output will go to stderr (beware, the sheer volume of it often asks for a redirection to a file). In the simplest cases, your program will abort with an error and you'll be able to see what where its last interactions with the OS in strace output. More information should be available with: man strace","174991","69"
"174942","Strace is a tool that tells you how your application interacts with your operating system. It does this by telling you what OS system calls your application uses and with what parameters it calls them. So for instance you see what files your program tries to open, and weather the call succeeds. You can debug all sorts of problems with this tool. For instance if application says that it cannot find library that you know you have installed you strace would tell you where the application is looking for that file. And that is just a tip of the iceberg.","175019","4"
"160876","Could you perhaps tells us exactly how your code fails? You've got error checking code in there but you haven't reported what the error is! I've just tried the original code (with the addition of the "use IO::Socket::INET" on my Mac OS X machine and it works fine. I suspect that the Multihomed option is an unnecessary hack and some other issue is the root cause of your problem.","175085","0"
"195741","The linker may be looking, literally, for "libXaw.so". Is that in /usr/lib? If not, you could try adding it as another soft link from libXaw7.so.7.0.0.","195762","3"
"195741","To link it, you need the .a file, NOT the .so file, which is the runtime library. The shared object is only useful to a program already linked against the non-shared parts of a library. This is typically distributed in a ".a" file.","195777","-1"
"166370","As other people have said, it really doesn't matter where you keep your applications - the thing that does matter is that you're consistent about it, so that whichever server you're on, its just a case of going to the usual location. I think the only reason people use /u/apps/#{appname} is that it's Capistrano's default setting - certainly it seems odd to me doing things that way.","166671","5"
"117055","You can of course write whatever closed-source OS over the Linux kernel that you like provided you are compatible with the licensing of components you link against. Of course that's likely to include the gnu C library (or some other C library). You may also need some command line utilities which will probably be GPL to do things such as filesystem maintenance, network setup etc. But provided you leave those as their own standalone programs, it should not be a problem. Anything that you link into the kernel itself (e.g. custom modules, patches) should be released as open source GPL to comply with the kernel's licence.","117752","10"
"60763","An absolute must is this book by Rubini. (available both as a hardcopy or a free soft copy) He gives implementations of several dummy drivers that don't require that you have any hardware other than your pc. So for getting started in kernel development it's the easiest way to go. As for doing embedded work I would recommend purchasing one of the numerous SBC (single board computers) that are out there. There are a number of these that are based on x86 processors, usually with PC/104 interfaces (electrically PC/104 is identical to the ISA bus standard, but based on stackable connectors rather than edge connectors - very easy to interface custom hardware to) They usually have vga connectors that make it easier to do debugging.","152175","5"
"202706","As for the example picture, maybe you could post similar pictures for GUIs that you do like (Mac OS, Window...)? That might make it easier to compare the GUIs and see subtle differences. Anyway, I think the preview images on art.gnome.org are not representative for the real look. If you want to compare GTK+ GUIs with other toolkits, I suggest to look at screenshots from real apps. For example, Ubuntu with default theme should be quite representative. Btw. the Gnome HIG (Human Interface Guidelines) have a chapter on layout and spacing: http://library.gnome.org/devel/hig-book/stable/design-window.html.en .","209372","1"
"144901","XGrabKey on the root window is how xbindkey does it. Be careful about having some alternative method of killing the grab though, it's very annoying to have to go somewhere to ssh into your own box just to kill that process... And that's why, if it was me, xbindkeys +"echo 'moo' > /tmp/moo-fifo" would be the way to do it. That way, you could also control it in any number of other ways you haven't thought of yet.","144946","5"
"160876","Make sure that you have the statement use IO::Socket::INET; At the beginning of your source code. If you leave this out, you are probably getting the error message: Can't locate object method "new" via package "IO::Socket::INET" Beyond that you might verify that DNS is working using Net::DNS::Resoler, see more information here . use Net::DNS; my $res = Net::DNS::Resolver->new; # Perform a lookup, using the searchlist if appropriate. my $answer = $res->search('example.com');","160907","-1"
"195741","Are the -L library directories being overridden, and it's not looking in /usr/lib?","195822","0"
"209305","The only way I know how to do it reliably is to close the socket.","209433","1"
"144487","This is a crappy answer for which I should be taken out and shot, but you can search over nearly all PostgreSQL related projects at PgFoundry . I don't know from GUI database design tools, but I'd imagine you should be able to find something there, if it exists.","144973","0"
"166744","Probably Novell (SuSE), since they fund the mono project and pay the core developers, odds are they're using Novell workstations for their initial coding. It really shouldn't matter much, though.","166751","4"
"166744","If you are a linux beginner I would start with Ubuntu Linux Server; I installed Mono on a Gentoo server a couple of weeks ago, just to find out that it can't run precompiled ASP.net sites :') You be warned, Linux ain't made for .NET. You should be able to set up the server in a day or 2, configuring Mono to work might take some time...","166754","1"
"166744","Use Linux MINT - one of the most complete distros. Also, it has great package management and great startup configuration.","166756","1"
"166744","It's integrated well with suse. But also works great on Ubuntu and ubuntu seems to appeal more to linux newcomers.","166760","1"
"165212","You can attach gdb to a running process and then call umask in the debugger: (gdb) attach ... (gdb) call umask(0) [Switching to Thread -1217489200 (LWP 11037)] $1 = 18 # this is the umask (gdb) call umask(18) # reset umask $2 = 0 (gdb) (note: 18 corresponds to a umask of O22 in this example) This suggests that there may be a really ugly way to get the umask using ptrace.","165718","28"
"166744","Like others have said, Novell has direct ties to Mono, but I wouldn't think the mono experience would vary a great deal amongst the bigger names (Suse, Ubuntu, Redhat...). Are you more interested in getting something that's easy to get up and running or is there a plan to deploy this in production at some point down the road? If it's the former, my personal preference would be Ubuntu, but if it's the latter, then that's more of a question for you and which one will integrate better with your existing infrastructure, and provide the kind of support you're looking for, etc.","166790","0"
"174069","Thanks, oliver. I used xdg-desktop-menu and then analyzed its output. The correct menu file needs to explicitly name the outer menu (Applications), as follows: <!DOCTYPE Menu PUBLIC "-//freedesktop//DTD Menu 1.0//EN" "http://www.freedesktop.org/standards/menu-spec/menu-1.0.dtd"> Applications My Program Group shortcut.desktop This worked fine in Kubuntu, Ubuntu and Fedora Core 9. Couldn't make it work on openSUSE, though.","175169","1"
"160876","From a quick look, the following code from IO::Socket::INET sub _get_addr { my($sock,$addr_str, $multi) = @_; my @addr; if ($multi && $addr_str !~ /^\d+(?:\.\d+){3}$/) { (undef, undef, undef, undef, @addr) = gethostbyname($addr_str); } else { my $h = inet_aton($addr_str); push(@addr, $h) if defined $h; } @addr; } suggests (if you look at the caller of this code) the work-around of adding MultiHomed => 1, to your code. Without that work-around, the above code appears to try to call inet_aton("hostname.com") using the inet_aton() from Socket.pm. That works for me in both Win32 and Unix, so I guess that is where the breakage lies for you. See Socket.xs for the source code of inet_aton: void inet_aton(host) char * host CODE: { struct in_addr ip_address; struct hostent * phe; if (phe = gethostbyname(host)) { Copy( phe->h_addr, &ip_address, phe->h_length, char ); } else { ip_address.s_addr = inet_addr(host); } ST(0) = sv_newmortal(); if(ip_address.s_addr != INADDR_NONE) { sv_setpvn( ST(0), (char *)&ip_address, sizeof ip_address ); } } It appears that the Perl gethostbyname() works better than the C gethostbyname() for you.","160964","7"
"152209","This used to work, but it has been a combination with few users, and so I'm not sure if it has been tested recently. There shouldn't be major problems with Tango though - compiler is probably likely to a more likely issue. For that, you probably should try to compile your own from a recent SVN checkout (of GDC).","152308","2"
"176476","I did a bit of googling for you and came up with two options. There may be more, my google strategy was to try "webkit command-line pdf" and "gecko command-line pdf", basically looking for commandline programs that embed the two popular open-source rendering engines in command-line renderers. Here's what I found: Firefox command-line printer - outputs to pdf and png wkpdf - while this is for mac, it's probably pretty portable.","176916","7"
"166744","The Mono download page gives a fairly big hint as to their preferred distros: http://www.go-mono.com/mono-downloads/download.html There's also a page for 'Unsupported distros': http://www.mono-project.com/Other_Downloads","166914","7"
"209305","I would recommend not sleeping at all. Insted using the select call to handle the data right away when it arrives. while (1) { FD_ZERO (&sockets); FD_SET (raw_socket, &sockets); timeout.tv_sec = 1; timeout.tv_usec = 0; if (select (raw_socket + 1, &sockets, NULL, NULL, &timeout)) { if (FD_ISSET (raw_socket, &sockets)) { // handle the packet } } else { /* Select Timed Out */ fprintf(stderr, "Timed out"); } } Also, when creating your raw socket you could specify that you are only interested in icmp packets.","228897","2"
"176476","NOTE: This answer is from 2008 and is probably now incorrect; please check the other answers PrinceXML is the best one I've seen (it parses regular HTML as well as XML/XHTML). How is it the best? Well, it passes the acid2 test which I thought was pretty darn impressive It is however, quite expensive","176957","9"
"166744","If you want to avoid the OS-learning curve go for one of the desktop-oriented distributions like Ubuntu or Fedora. Any one of the "big" ones does have mono packages. If you want to try out specific (especially development-) versions, you'll have to do a manual install anyways. Also avoid running it on real hardware :-) VirtualBox is a great and free virtualisation solution and can really take the hassle out of testing software, if you don't care about dual boot, master boot records and hardware failures.","166956","0"
"152003","Here are my results for ClamAV when tested against known viruses (the problem is, none of these should have passed ): +-----------+------------------------------+ | Results | File | +-----------+------------------------------+ | infected | AdvancedXPFixerInstaller.exe | | pass | auto.exe | | pass | cartao.exe | | infected | cartoes_natal.exe | | pass | codec.exe | | pass | e421.exe | | pass | fixtool.exe | | infected | flash_install.exe | | infected | issj.exe | | infected | iwmdo.exe | | infected | jobxxc.exe | | infected | kbmt.exe | | pass | killer_cdj.exe | | pass | killer_javqhc.exe | | infected | killer_rodog.exe | | infected | kl.exe | | infected | MacromediaFlash.exe | | infected | MacromediaFlashPlayer.exe | | infected | paraense.exe | | infected | pibzero.exe | | pass | scan.exe | | pass | uaqxtg.exe | | pass | vejkcfu.exe | | infected | VIDeoSS.exe | | infected | wujowpq.exe | | pass | X-IrCBOT.exe | +-----------+------------------------------+","165899","18"
"168116","Have a look at /proc/ PID /io - it's the current I/O accounting information of the process with PID.","168693","2"
"90203","Sidenote: It's quite hard to predict exactly what flags are turned on by the global -O directives on the gcc command line for different versions and platforms, and all documentation on the GCC site is likely to become outdated quickly or doesn't cover the compiler internals in enough detail. Here is an easy way to check exactly what happens on your particular setup when you use one of the -O flags and other -f flags and/or combinations thereof: Create an empty source file somewhere: touch dummy.c Run it though the compiler pass just as you normally would, with all -O , -f and/or -m flags you would normally use, but adding -Q -v to the command line: gcc -c -Q -v dummy.c Inspect the generated output, perhaps saving it for different run. Change the command line to your liking, remove the generated object file via rm -f dummy.o and re-run. Also, always keep in mind that, from a purist point of view, most non-trivial optimizations generate "broken" code (where broken is defined as deviating from the optimal path in corner cases), so choosing whether or not to enable a certain set of optimization mechanisms sometimes boils down to choosing the level of correctness for the compiler output. There always have (and currently are) bugs in any compiler's optimizer - just check the GCC mailing list and Bugzilla for some samples. Compiler optimization should only be used after actually performing measurements since gains from using a better algorithm will dwarf any gains from compiler optimization, there is no point in optimizing code that will run every once in a blue moon, if the optimizer introduces bugs, it's immaterial how fast your code runs.","152710","1"
"168170","Note that you have the dotGNU project . It is an implementation of the .NET for linux. They are not as feature complete as Mono. But it is worth mentioning.","168794","2"
"67685","After posting my question on mencoder's mailing list, trying other things, I resorted to write my own tool! I started from flvtool and after some digging in the code and writing about 40 lines of code, it works, with no loss in quality (since there is no transcoding). I'll release it asap, in the meantime anyone interested can contact me.","143015","0"
"152003","If you're concerned about performance, consider using clamd/clamdscan as your implementation. clamd runs as a daemon so all the initialization costs are only done once. When you then scan a file with clamdscan it just feeds the file to a forked clamd to do the actual scanning. If you have a ton of traffic it's much more efficient. If you have performance concerns beyond that, you should consider using a commercial product. Most of the big players have Linux/Unix versions these days.","152800","3"
"174839","SystemImager FAI We have systemimager working great with RHEL and CentOS. Haven't tried it on Debian. The trick linked by Luka works great with debian though.","175818","1"
"149324","Automake only supports per-target flags, while you want per-object flags. One way around is to create a small library that contains your object: CXXFLAGS = -Wall ... bin_PROGRAMS = test test_SOURCES = main.cpp test_LDADD = libutility.a noinst_LIBRARIES = libutility.a libutility_a_SOURCES = utility.cpp libutility_a_CXXFLAGS = $(CXXFLAGS) -Wno-unused-value","201418","8"
"174839","Well it all depends on scale, and how often you want to use it, using systemimager is basicly rsync on steroids, it has some scripts which make creation of images easy and allows you have network settings etc. This can be easily used where you need to create a farm of webservers or a farm of mailserver with only a small difference between installations where you are able to boot one blank system over the network and have it completely installed. This has the advantage that it's almost completely automated, a script learn your partitioning layout and automatically applies it. When you only need one copy of a system, keep it simple, boot from a livecd, create your partitioning, copy over network using rsync, install your bootloader and everything 'll be fine.","175875","1"
"174942","Strace stands out as a tool for investigating production systems where you can't afford to run these programs under a debugger. In particular, we have used strace in the following two situations: Program foo seems to be in deadlock and has become unresponsive. This could be a target for gdb; however, we haven't always had the source code or sometimes were dealing with scripted languages that weren't straight-forward to run under a debugger. In this case, you run strace on an already running program and you will get the list of system calls being made. This is particularly useful if you are investigating a client/server application or an application that interacts with a database Investigating why a program is slow. In particular, we had just moved to a new distributed file system and the new throughput of the system was very slow. You can specify strace with the '-T' option which will tell you how much time was spent in each system call. This helped to determine why the file system was causing things to slow down. For an example of analyzing using strace see my answer to this question .","177281","19"
"174069","I recommend you look into freedesktop.org standards that cover this. Up to date list is available here: http://www.freedesktop.org/wiki/Specifications/menu-spec The latest one is currently 1.0: http://standards.freedesktop.org/menu-spec/1.0/ FreeDesktop.org standards are followed by Gnome, KDE and XFCE, so it should work on any distribution.","176155","1"
"152003","You should try to find an anti-virus vendor that has a public API for it's scanner. That way you can programmatically scan a file. It will make it much easier in the long run than trying to mess with other processes via your upload script.","152835","0"
"166744","To get started as quickly as possible, there is a VMWare image available on Mono's Download page . It comes with Mono and all its tools pre-installed, including a running ASP.Net server. You can start with this, and then migrate to whichever distro you choose if you go forward.","167195","4"
"74372","The reason for the differences is whether the inside block is executed in the original shell context or in a subshell. You may be able to control this with the () and {} grouping commands. Using a temporary file, as you do in your update, will work most of the time but will run into problems if the script is run twice rapidly, or if it executes without clearing the file, etc. #!/bin/ksh flag=false echo "a\nb" | { while read x do flag=true done } echo "flag = ${flag}" exit 0 That may help with the problem you were getting on the Linux ksh. If you use parentheses instead of braces, you'll get the Linux behavior on the other ksh implementations.","255217","1"
"125951","A little more detail might be useful... Start a firefox (or other browser) in an X session, either on your console or using a vncserver. You can use the --height and --width options to set the size of the window to full screen. Another firefox command can be used to set the URL being displayed in the first firefox window. Now you can grab the screen image with one of several commands, such as the "import" command from the Imagemagick package, or using gimp, or fbgrab, or xv. #!/bin/sh # start a server with a specific DISPLAY vncserver :11 -geometry 1024x768 # start firefox in this vnc session firefox --display :11 # read URLs from a data file in a loop count=1 while read url do # send URL to the firefox session firefox --display :11 $url # take a picture after waiting a bit for the load to finish sleep 5 import -window root image$count.jpg count=`expr $count + 1` done < url_list.txt # clean up when done vncserver -kill :11","143148","57"
"2898","Alternative text editors? Try Diakonos , "a Linux editor for the masses". The default keyboard mapping is as expected for cut, copy, paste, undo, open, save, etc.","210969","6"
"15211","I use KDESVN. Once it's set up it works great, but you only get one chance to set up your branch structure, so plan to create a test repository first.","278372","0"
"209305","During idle times, you can disable the socket by setting the Receive Buffer size to zero: int optval = 0; /* May need to be 1 on some platforms */ setsockopt(sockDesc, SOL_SOCKET, SO_RCVBUF, (char *)(&optval), sizeof(optval)); Re-enable by setting "optval" to a larger buffer (e.g. 4096).","221682","6"
"24648","Nobody seems to have mentioned that code-wise BSD is much cleaner and more consistent. The documentation's way better too (as already mentioned). But since there's a whole lot of fiddling with whatever system you choose - I'd pick the one you use more often.","221799","1"
"2898","I use joe for simple (and not so simple) editing when I'm away from Eclipse. It uses the classic Wordstar keybindings- although I've never used Wordstar, it's a selling point for many people. It's easy, well-supported, light-weight and it has binaries available for everything.","241704","1"
"78157","For the record, there turned out to be two main aspects that seem to have eliminated the problem in all but the most extreme cases. This system is still in development and hasn't been thoroughly torture-tested yet but is working fairly well (touch wood). The big win came from making the userland writer app multi-threaded. It is the calls to write() that block sometimes: other processes and threads still run. So long as I have a thread servicing the device driver and updating frame counts and other data to sychronise with other apps that are running, the data can be buffered and written out a few seconds later without breaking any deadlines. I tried a simple ping-pong double buffer first but that wasn't enough; small buffers would be overwhelmed and big ones just caused bigger pauses while the filesystem digested the writes. A pool of 10 1MB buffers queued between threads is working well now. The other aspect is keeping an eye on ultimate write throughput to physical media. For this I am keeping an eye on the stat Dirty: reported by /proc/meminfo. I have some rough and ready code to throttle the encoder if Dirty: climbs above a certain threshold, seems to vaguely work. More testing and tuning needed later. Fortunately I have lots of RAM (128M) to play with giving me a few seconds to see my backlog building up and throttle down smoothly. I'll try to remember to pop back and update this answer if I find I need to do anything else to deal with this issue. Thanks to the other answerers.","215547","10"
"125951","scrot is a command line tool for taking screenshots. See the man page and this tutorial . You might also want to look at scripting the browser. There are firefox add-ons that take screenshots such as screengrab (which can capture the entire page if you want, not just the visible bit) and you could then script the browser with greasemonkey to take the screenshots.","164568","5"
"2898","Friend of mine swears by jed, http://www.jedsoft.org/jed/","241911","2"
"209305","Can you do something like this, right before you sleep? for(n=0;n<=MAX_BUFFER_SIZE;n++) { recv_buffer[n] = 0; }","219923","-1"
"209305","Can't you just do a recvfrom() into a temporary buffer and discard the buffer?","219946","1"
"18265","FYI, the suggested solution (using backtrace_symbols in a signal handler) is dangerously broken. DO NOT USE IT - Yes, backtrace and backtrace_symbols will produce a backtrace and a translate it to symbolic names, however: backtrace_symbols allocates memory using malloc and you use free to free it - If you're crashing because of memory corruption your malloc arena is very likely to be corrupt and cause a double fault. malloc and free protect the malloc arena with a lock internally. You might have faulted in the middle of a malloc/free with the lock taken, which will cause these function or anything that calls them to dead lock. You use puts which uses the standard stream, which is also protected by a lock. If you faulted in the middle of a printf you once again have a deadlock. On 32bit platforms (e.g. your normal PC of 2 year ago), the kernel will plant a return address to an internal glibc function instead of your faulting function in your stack, so the single most important piece of information you are interested in - in which function did the program fault, will actually be corrupted on those platform. So, the code in the example is the worst kind of wrong - it LOOKS like it's working, but it will really fail you in unexpected ways in production. BTW, interested in doing it right? check this out. Cheers, Gilad.","305316","15"
"14032","For a generic (vendor independent) tool, you can try dia (I prefer the dia-gnome package). There are also some plugins for generating the SQL files.","265368","3"
"9279","What you want to do for linux remote access is use 'sshfs' - the SSH File System. # sshfs username@host:path/to/directory local_dir Then treat it like an network mount, which it is... A bit more detail, like how to set it up so you can do this as a regular user, on my blog If you want the asynchronous behavior of winSCP, you'll want to use rsync combined with something that executes it periodically. The cron solution above works, but may be overkill for the winscp use case. The following command will execute rsync every 5 seconds to push content to the remote host. You can adjust the sleep time as needed to reduce server load. # while true; do rsync -avrz localdir user@host:path; sleep 5; done If you have a very large directory structure and need to reduce the overhead of the polling, you can use 'find': # touch -d 01/01/1970 last; while true; do if [ "`find localdir -newer last -print -quit`" ]; then touch last; rsync -avrz localdir user@host:path; else echo -ne .; fi; sleep 5; done And I said cron may be overkill? But at least this is all just done from the command line, and can be stopped via a ctrl-C. kb","289305","9"
"111281","Thanks for this great effort.. I've used it to get VMWare Server 1.08 running on OpenFiler. The vmware-any-any patch was also suggested but I couldn't start a guest VM because of the 'not enough physical memory' error. Now my vm's are running happily again :)","306886","0"
"38362","I've had this problem for years, and I don't think version control is necessarily the right way to go. I've had good success with the the Unison file synchronizer which is designed for the express purpose of maintaining consistent home directories on two machines. I'm currently managing seven replicas with unison, and the details are a bit tricky, but it is a great tool and if you start with two you will be extremely pleased. The key difference between Unison and a VCS is that Unison is willing to delay dealing with conflicts that have to be merged. Plus it gets all the defaults right. And it is fast: I use it daily, over a DSL line, to synchronize about 40GB of data.","326461","5"
"159251","Praat will at least do automatic pitch estimation of complex sounds. Though I don't know if it can mark the standard notes as you requested. Rob","336576","0"
"182554","I think I found the kernel patch I was looking for. Posting it here so I don't forget the link: http://user.it.uu.se/~mikpe/linux/perfctr/ http://sourceforge.net/projects/perfctr/ Edit: It works for my purposes, though not very user-friendly.","301550","1"
"2898","You could give bluefish a try. Has a bunch of nice features for website work. Syntax files for most every language. http://bluefish.openoffice.nl/ If on windows give Crimson Editor a try http://www.crimsoneditor.com/ It's been a long while since I ran windows, but iirc, 'official' development has stopped on it, but the community has taken up a fork of it and called it emerald or somesuch. Crimson editor is still very capable as is. Both bluefish and crimson editor have project management abilities. FTP ablilities, macros etc etc","277093","0"
"189906","When using ./configure --prefix=/usr/bin --with-libs=/usr/bin/openssl --with-ssl then you can see in neon/config.log that it searches the includes in /usr/bin/openssl/include ... while this is ofcourse only a binary. So, skip this "--with-libs" option, and just make sure that the ssl development package is installed using apt-get install libssl-dev","221637","2"
"189906","If you're using openssl with SVN then you need to configure SVN with ./configure .... --with-openssl=/path/to/openssl When I've done this in the past I've had issues building other binaries that use this lib if I don't specify the -fPIC flag. So it's best to run make with that parameter (if you have that issue). You may also have to point make at your build binary as well.. so your make call will look something like this: make CC="gcc -fPIC" LDFLAGS="/path/to/openssl/lib" Don't forget to build openssl with CC="gcc -fPIC" too! Good luck!","330061","2"
"106201","For OpenGL, running an X server is definitely a better solution. Just make sure the application is developed to be networked. It should NOT use immediate mode for rendering and textures should be RARELY transferred. Why is X server a better solution in this case (as opposed to VNC)? Because you get acceleration on workstation, while VNC'ed solution is usually not even accelerated on the mainframe. So as long as data is buffered on the X server (using vertex arrays, vertex buffer objects, texture objects, etc) you should get much higher speed than using VNC, especially with complex scenes since VNC has to analyze, transfer and decode them as pixels.","327831","0"
"96133","I wouldn't use pdksh on Linux anymore. Since AT&T ksh has become OpenSource there are packages available from the various Linux distributions. E.g. RedHat Enterprise Linux and CentOS include ksh93 as the "ksh" RPM package. pdksh is still mentioned in many installation requirement documentations from software vendors. We replaced pdksh on all our Linux systems with ksh93 with no problems so far.","389321","5"
"119031","If you are using one of the pre-baked F/OSS build systems, such as KDE's CMake support, it's really rather easy once you have a .desktop file: install( FILES myapp.desktop DESTINATION ${XDG_APPS_INSTALL_DIR} ) kde4_add_app_icon(myapp_SRCS "${CMAKE_CURRENT_SOURCE_DIR}/hi*-app-myappname.png") If you are rolling your own, consider using xdg-utils , which includes handy little scripts like xdg-desktop-menu (installs desktop menu items) and xdg-desktop-icon (installs icons to the desktop) for such things. The .desktop standard was already pointed out in the first comment, though you can also just grab one that is already installed on your system and modify it from there. As for icons, PNGs and SVGs are geerally supported though PNGs tend to give the best results still.","378413","3"
"74993","I ended up using dstat which is vmstat's nicer looking cousin. This will show most everything you need to know about a machine's health, including: CPU Disk Memory Network Swap","397922","2"
"182554","try the CPU's timestamp counter ? Wikipedia seems to suggest using clock_gettime().","401156","1"
"183578","Its probably caused by one of its dependencies. I don't think it needs all those dependencies anymore. If its still an issue, raise a bug at http://drnic.lighthouseapp.com/projects/18881-newgem/ and we'll see what dependencies can be ripped out.","399529","1"
"117055","I agree with MarkR but nobody has stated the obvious to you. If you are serious, you need to consult a lawyer with expertise in this area.","411617","0"
"52187","You may want to look at Tibbo VSPDL for creating a linux virtual serial port using a Kernel driver -- it seems pretty new, and is available for download right now (beta version). Not sure about the license at this point, or whether they want to make it available commercially only in the future. There are other commercial alternatives, such as http://www.ttyredirector.com/ . In Open Source, Remserial (GPL) may also do what you want, using Unix PTY's. It transmits the serial data in "raw form" to a network socket; STTY-like setup of terminal parameters must be done when creating the port, changing them later like described in RFC 2217 does not seem to be supported. You should be able to run two remserial instances to create a virtual nullmodem like com0com, except that you'll need to set up port speed etc in advance. Socat (also GPL) is like an extended variant of Remserial with many many more options, including a "PTY" method for redirecting the PTY to something else, which can be another instance of Socat. For Unit tets, socat is likely nicer than remserial because you can directly cat files into the PTY. See the PTY example on the manpage. A patch exists under "contrib" to provide RFC2217 support for negotiating serial line settings.","330518","10"
"94486","Gentoo is fundamentally a network based distro. The minimal CD is really minimal, it contains just enough to have a functional system booting as livecd so one can install the distribution basically from the network. The livecd (there are also livedvd's around, just not as regularly released (they eat diskspace and bandwith). contains a full graphical environment (and being a compile-yourself distro) obviously gcc as C++ compiler, and can be used to install a binary version of the packages to disk (actually from the livecd environment using some clever hackery). However, gentoo is a continuously updated distribution. If you want to update your system you need to get the packages from the network (there are ways to find what to download etc, but that is not for beginners) and update. In general, if you don't update every couple of months, your updates can become painful or really painful.","455794","1"
"182554","See this question for some more info. Something I've used for such things is gettimeofday(). It provides a structure with seconds and microseconds. Call it before the code, and again after. Then just subtract the two structs using timersub, and you can get the time it took in seconds from the tv_usec field.","400694","5"
"189906","I was stuck with this error too: configure: error: C compiler cannot create executables Turns out in my case I had a clean installation of Debian Etch, without a C compiler. I had installed it (wrongly, I suppose) via apt-get install gcc . A few google searches led me to install g++ instead via apt-get install g++ Afterwards it worked. Not sure if this helps you, but did help me.","419930","0"
"182554","If you are looking for this level of timing resolution, you are probably trying to do some micro-optimization. If that's the case, you should look at PAPI . Not only does it provide both wall-clock and virtual (process only) timing information, it also provides access to CPU event counters, which can be indispensable when you are trying to improve performance. http://icl.cs.utk.edu/papi/","401003","5"
"166370","FHS standard would suggest /srv/www/#{appname} .","481727","4"
"166370","The CPanel based shared hosting account I use seems to favour /home/etc/rails_apps/... I think it's fairly arbitrary - as long as they aren't in your public html directory.","487698","1"
"83899","If you use java, v4l4j makes it very simple to capture frames from any V4L device. It also allows you to control the device from java. I used it with a PTZ webcam (logitech quickam orbit), and I could control usual thigs like brightness, saturation and auto-white balance, but also the tilt and pan of the camera. Very handy !","475233","1"
"111281","Thanks a lot Alexey! This sorted stuff out for myself and a colleague of mine. Had the same issue as Bruce with the any-any patch. One thing, I noticed that the patch was missing the @@'s at the beginning.. I've done a new pastebin that has them in it (curse their highlighting thing!) It's here: http://pastebin.com/f2ea13d45 Thanks, Chris","561797","0"
"147125","According to this 1 that is exactly what Linux does. I'm still trying to make sense of a lot of this, so any authoritative links would be appreciated.","512239","0"
"14032","MySQL Workbench is available on MacOS, Fedora, Ubuntu, Windows. WB 5.1 is focused on Data Modeling (replacing Mike Zinner’s popular DBDesigner product). WB 5.2 (coming April 2009) will include a ground up rewrite of the MySQL Query Browser. http://forums.mysql.com/index.php?151","609446","3"
"37851","Solaris-only as far as I know, but wouldn't Solaris 10's SMF do what you want?","632694","0"
"1005","I have this in my ~/.bashrc: alias svim='sudo vim' Now whenever I need to edit a config file I just open it with svim.","662081","0"
"174839","You can use rsync for that and there is an interesting thread about it on ubuntuforms: ubuntuforms","688681","2"
"6812","If you want to do it manualy you can edit ~/.xmodmap and use xmodmap ~/.xmodmap to apply the modifications","688696","0"
"152003","You should look into opswat's MetaScan . This tool manages the updating and multiple-engine scanning of files. It bundles with AVG, CA eTrust™. ClamWin, ESET NOD32 Antivirus Engine, MicroWorld eScan Engine, Norman Virus Control, and VirusBuster EDK. Additionally it will invoke the Nortons and such. The advantage is that you get multiple engines running against the file.","661268","2"
"48235","EDIT: (2/6/10) A Beta version of Chrome has been released for Linux. Although it is labeled beta, it works great on my Ubuntu box. You can download it from Google: http://www.google.com/chrome?platform=linux EDIT: (5/31/09) Since I answered this question, there have been more new developments in Chrome (actually "Chromium") for Linux: An alpha build has been released. This means it's not fully functional. If you use Ubuntu, you're in luck: add the following lines to your /etc/apt/sources.list deb http://ppa.launchpad.net/chromium-daily/ppa/ubuntu jaunty main deb-src http://ppa.launchpad.net/chromium-daily/ppa/ubuntu jaunty main Then, at the command line: aptitude update aptitude install chromium-browser Don't forget to s/jaunty/yourUbuntuVersion/ if necessary. Also, you can s/aptitude/apt-get/, if you insist. And.... Yes , it works. I'm typing this in my freshly installed Chromium browser right now! The build is hosted by launchpad, and gave me some security warnings upon install, which I promptly ignored. Here's the website: https://launchpad.net/~chromium-daily/+archive/ppa The original answer: Linux Build Instructions","692397","14"
"80515","It is not recommended to place templates in /usr/lib/openoffice/... because the contents of that folder can be altered automatically through the process of Debian package management. For site-wide installation I created the folder "/usr/local/share/templates/ooo2/common", placed templates in there, then added the path to the set of paths mentioned above.","677388","0"
"50074","The linux-net mailing list might interest you. There should be more details here .","684466","3"
"17020","I would have two partitions. A small one (~20 GB) mounted on / would store all your programs, and then have a large one on /home . Many people have mentioned a partition for /boot but that is not really necessary. If you are worried about resizing, use LVM.","731111","1"
"38362","git or Mercurials 's cheap branching would work great for this situation. I started with Mercurial, because it is simpler, but have subsequently moved to git.","731188","0"
"38362","One way to handle this very flexibly is to have a build directory under revision control, not try and svn your actual home directory (which has its own issues) so inside this you keep a structure like /home/you/code/dotfiles /home/you/code/dotfiles/dotbashrc /home/you/code/dotfiles/dotemacs ... /home/you/code/dotfiles/makefile and the makefile can contain logic for specializing files (or not) might be heavier than you need, but if your actual setup is complex (I've done this across 3 or 4 different unices at a time) then it's worth doing something like this.","731209","0"
"67685","I thought it would be a nice learning exercise to rewrite it in Ruby. It was. Six months later and three gems later, here's the released product . I'll still be working a bit on it, but it works.","779513","4"
"38362","I use git for this. So far, I have been able to keep the home directories on several machines synchronized, with no need for branching and merging. Instead, I use git rebase . Conflicts so far have been few and far between and easy to resolve. I keep files that need to have separate contents out of revision control by putting them into .gitignore . I keep configuration files for the following tools in git: various shells emacs and applications, i.e. gnus BBDB emacs-w3m mutt screen various utilities and scripts I keep notes and such in a subdirectory which has its own git repository.","731430","0"
"24595","I played with BlueFish for a while when I was contemplating switching over completely and I liked it better than Kate. But, you will have to add the code to enable ASP highlighting. Its floating around numerous places - I found it in short order with a quick trip to the trusty ole Google. ;) But that is just my personal preference. Your mileage may vary.","731457","1"
"38362","I would suggest looking into etckeeper if you haven't already. It's designed for versioning configuration files in /etc using a version control system: etckeeper is a collection of tools to let /etc be stored in a git, mercurial, darcs, or bzr repository. It hooks into apt (and other package managers including yum and pacman-g2) to automatically commit changes made to /etc during package upgrades. It tracks file metadata that revison control systems do not normally support, but that is important for /etc, such as the permissions of /etc/shadow. It's quite modular and configurable, while also being simple to use if you understand the basics of working with revision control. Although it's designed for /etc I think it would probably also work well (perhaps with some adaptation) for home directories since the basic needs are the same.","731551","0"
"130327","LDAP is clearly the way to go. See for instance OpenLDAP Software 2.4 Administrator's Guide . An example of setting up user authentication with LDAP on Linux and FreeBSD is on my blog (in french), Comptes Unix stockés sur LDAP .","629290","1"
"152003","Clamscan will scan files once they are stored, and not prevent an infected file from being uploaded or downloaded I have a squid(https+cache) <-> HAVP (with clamAV ) <-> Tomcat reverse proxy setup. HAVP ( http://www.server-side.de/ ) is a way to scan http traffic though ClamAV or any other commercial antivirus software. It will prevent users to download infected files. Nevertheless, it does not work at upload, so it will not prevent the files to be stored on servers, but prevent the files to be downloaded and thus propagated. So use it with a regular file scanning (eg clamscan)","763245","0"
"2898","Best one besides Vi? Vim.","829199","3"
"2898","I love Kate because it has several interesting features ( already cited ) usually found in ( heavier ) IDEs. My favorite feature, however, is its terminal window that is very practical for quickly performing the save-compile-execute combo. Nedit is another valid option, packed with lots of features ( and it hasn't lots of dependencies: that's a huge plus IMHO ). For editing in a shell, when I cannot use VIM, I look immediately for pico or nano ( but I would not recommend them for continuous development: for rapid editing they are perfect ).","829258","1"
"2898","I personally use MacVim which is basically a GVim for Mac OSx. However I have been reading alot about Redcar, which is a text editor for Linux, which shares a lot of the Textmate functionality. Checkout the links below. Redcar LURG Lecture on Redcar","816839","0"
"2898","Don't forget NEdit ! Small and light, but with syntax highlighting and macro record/replay.","816871","3"
"195741","The reason for the symlink btw is to select the default version to link against in the case of multiple versions, keep in mind the name of the library is integrated into the binary. (which you can see with ldd).","848777","3"
"34588","If you are using Linux and you got the permission error, you will need to raise the allowed limit in the /etc/limits.conf or /etc/security/limits.conf file (where the file is located depends on your specific Linux distribution). For example to allow anyone on the machine to raise their number of open files up to 10000 add the line to the limits.conf file. * hard nofile 10000 Then logout and relogin to your system and you should be able to do: ulimit -n 10000 without a permission error.","923369","116"
"144277","I think the biggest reason for not using it would be political. That being said, I think mono is an excellent enviroment to develop in when writing programs for Linux and I would recommend it to anyone writing a new application.","949256","0"
"15816","Real VNC server 4.4 includes support for Xrandr, which allows resizing the VNC. Start the server with: vncserver -geometry 1600x1200 -randr 1600x1200,1440x900,1024x768 Then resize with: xrandr -s 1600x1200 xrandr -s 1440x900 xrandr -s 1024x768","1083668","178"
"33545","There are some flavours of OpenOffice that include native support for VBA. The version included with Ubuntu is one example, and the Novell version for Windows is another. For more details and a list of versions with this feature, see this article on linux.com . They don't support all features of VBA, but they will reduce your conversion effort.","1179135","0"
"66606","Another way to search for missing files, e.g. if you use zsh, want to disable command-not-found (slows things down when you misstype commandnames), or are looking for a file that is not an executable: $ sudo aptitude install apt-file $ sudo apt-file update $ apt-file search bin/ab","1199848","13"
"174942","strace is a good tool for learning how your program makes various system calls (requests to the kernel) and also reports the ones that have failed along with the error value associated with that failure. Not all failures are bugs. For example, a code that is trying to search for a file may get a ENOENT (No such file or directory) error but that may be an acceptable scenario in the logic of the code. One good use case of using strace is to debug race conditions during temporary file creation. For example a program that may be creating files by appending the process ID (PID) to some predecided string may face problems in multi-threaded scenarios. [A PID+TID (process id + thread id) or a better system call such as mkstemp will fix this]. It is also good for debugging crashes. You may find this (my) article on strace and debugging crashes useful.","1223550","4"
"174942","Strace can be used as a debugging tool, or as a primitive profiler. As a debugger, you can see how given system calls were called, executed and what they return. This is very important, as it allows you to see not only that a program failed, but WHY a program failed. Usually it's just a result of lousy coding not catching all the possible outcomes of a program. Other times it's just hardcoded paths to files. Without strace you get to guess what went wrong where and how. With strace you get a breakdown of a syscall, usually just looking at a return value tells you a lot. Profiling is another use. You can use it to time execution of each syscalls individually, or as an aggregate. While this might not be enough to fix your problems, it will at least greatly narrow down the list of potential suspects. If you see a lot of fopen/close pairs on a single file, you probably unnecessairly open and close files every execution of a loop, instead of opening and closing it outside of a loop. Ltrace is strace's close cousin, also very useful. You must learn to differenciate where your bottleneck is. If a total execution is 8 seconds, and you spend only 0.05secs on system calls, then stracing the program is not going to do you much good, the problem is in your code, which is usually a logic problem, or the program actually needs to take that long to run. The biggest problem with strace/ltrace is reading their output. If you don't know how the calls are made, or at least the names of syscalls/functions, it's going to be difficult to decipher the meaning. Knowing what the functions return can also be very beneficial, especially for different error codes. While it's a pain to decipher, they sometimes really return a pearl of knowledge; once I saw a situation where I ran out of inodes, but not out of free space, thus all the usual utilities didn't give me any warning, I just couldn't make a new file. Reading the error code from strace's output pointed me in the right direction.","1223848","8"
"131303","In recent versions of Linux, use the smaps subsystem. For example, for a process with a PID of 1234: cat /proc/1234/smaps It will tell you exactly how much memory it is using at that time. More importantly, it will divide the memory into private and shared, so you can tell how much memory your instance of the program is using, without including memory shared between multiple instances of the program.","1237930","160"
"131303","If you want something quicker than profiling with Valgrind and your kernel is older and you can't use smaps, a ps with the options to show the resident set of the process (with ps -o rss,command ) can give you a quick and reasonable _aproximation_ of the real amount of non-swapped memory being used.","1238159","4"
"147125","The first thing the VM does is clean pages and move them to the clean list. When cleaning anonymous memory (things which do not have an actual file backing store, you can see the segments in /proc//maps which are anonymous and have no filesystem vnode storage behind them), the first thing the VM is going to do is take the "dirty" pages and "clean" then by writing the contents of the page out to swap. Now when the VM has a shortage of completely free memory and is worried about its ability to grant new free pages to be used, it can go through the list of 'clean' pages and based on how recently they were used and what kind of memory they are it will move those pages to the free list. Once the memory pages are placed on the free list, they no longer are associated with the contents they had before. If a program comes along a references the memory location the page was serving previously the program will take a major fault and a (most likely completely different) page will be grabbed from the free list and the data will be read into the page from disk. Once this is done, the page is actually still 'clean' since it has not been modified. If the VM chooses to use that page on swap for a different page in RAM then the page would be again 'dirtied', or if the app wrote to that page it would be 'dirtied'. And then the process begins again. Also, swappinness is pretty horrible for server applications in a business/transactional/online/latency-sensitive environment. When I've got 16GB RAM boxes where I'm not running a lot of browsers and GUIs, I typically want all my apps nearly pinned in memory. The bulk of my RAM tends to be 8-10GB java heaps that I NEVER want paged to disk, ever, and the cruft that is available are processes like mingetty (but even there the glibc pages in those apps are shared by other apps and actually used, so even the RSS size of those useless processes are mostly shared, used pages). I normally don't see more than a few 10MBs of the 16GB actually cleaned to swap. I would advise very, very low swappiness numbers or zero swappiness for servers -- the unused pages should be a small fraction of the overall RAM and trying to reclaim that relatively tiny amount of RAM for buffer cache risks swapping application pages and taking latency hits in the running app.","1202100","0"
"202706","I don't think GTK+ itself is responsible for the "awkward look" (which is your subjective opinion!) of Linux applications. In fact, GTK+ is very flexible with regards to the possibility to apply themes and even completely different rendering engines for the widgets (see the popular Murrine engine for example). It's much more flexible than the native GUI libraries of Windows and Mac OS X. You can find lots of GNOME themes on for example gnome-look.org . There are even GNOME themes that make your GNOME desktop look almost exactly like Windows Vista or Mac OS X (I don't understand why anyone would want that, but that's a personal thing...). Canonical, the company behind Ubuntu, has been saying for some time that they're hiring professional designers to create a very sleek and professionally designed desktop theme for some future version of Ubuntu.","1298368","1"
"96133","Well after one year there seems to be no solution to my problem. I am adding this answer to say that I will have to live with it......","1439358","0"
"131303","This is an excellent summary of the tools and problems: archive.org link I'll quote it, so that more devs will actually read it. If you want to analyse memory usage of the whole system or to thoroughly analyse memory usage of one application (not just its heap usage), use exmap . For whole system analysis, find processes with the highest effective usage, they take the most memory in practice, find processes with the highest writable usage, they create the most data (and therefore possibly leak or are very ineffective in their data usage). Select such application and analyse its mappings in the second listview. See exmap section for more details. Also use xrestop to check high usage of X resources, especially if the process of the X server takes a lot of memory. See xrestop section for details. If you want to detect leaks, use valgrind or possibly kmtrace . If you want to analyse heap (malloc etc.) usage of an application, either run it in memprof or with kmtrace , profile the application and search the function call tree for biggest allocations. See their sections for more details.","1491573","41"
"14032","I had bad experience with Workbench on Linux in the past and wish it got better now. I am quite happy with SchemaBank these days 'cause they are purely web-based. You drop them a few bucks every month and they host your diagram for private / public sharing. Usual stuff like forward / reverse engineering, alter scripts, etc are all supported.","1530456","1"
"118935","I vote OcaIDE . Now it has upgraded to v1.2.5. it become an up-to-date IDE (supporting ocaml 3.10-3.11, especially ocamlbuild, which is a great time-saver) and armed with rich, stable features. I've installed OcaIDE on an eclipse 3.5(Galileo) and it works well.","1621641","11"
"28588","I totally understand where you're coming from with this question. I already had a OpenID at www.myopenid.com but it feels a bit weird relying on a 3rd party for such an important login (a.k.a my permanent "home" on the internet). Luckily, It is easy to move to using your own server as a openID server - in fact, it can be done with just two files with phpMyID. Download "phpMyID-0.9.zip" from http://siege.org/projects/phpMyID/ Move it to your server and unzip it to view the README file which explains everything. The zip has two files: MyID.config.php, MyID.php . I created a directory called /OpenID and renamed MyID.config.php to index.php . This means my OpenID URL will be very cool: http:// /OpenID Decide on a username and password and then create a hash of them using: echo -n ' :phpMyID: ' | openssl md5 Open index.php in a text editor and add the username and password hash in the placeholder. Save it. Test by browsing to http:// /OpenID/ Test ID is working using: http://www.openidenabled.com/resources/openid-test/checkup/ Rerefence info: http://www.wynia.org/wordpress/2007/01/15/setting-up-an-openid-with-php/ , http://siege.org/projects/phpMyID/ , https://blog.stackoverflow.com/2009/01/using-your-own-url-as-your-openid/","1688731","0"
"15171","The Debian guide can be quite useful when it comes to Ubuntu: Normally, programs install themselves in the /usr/local subdirectories. But, Debian packages must not use that directory, since it is reserved for system administrator's (or user's) private use /usr/local/bin seems to be acceptable according to the guide. Personally I put my scripts in $HOME/.scripts . I wish that LSB would specifically address this question though.","1759292","4"
"174839","How to mirror apt-get installs. Primary System dpkg --get-selections > installed-software scp installed-software $targetsystem:. Target System dpkg --set-selections < installed-software dselect" done. +1 to this post","1800060","11"
"118935","It's actually possible to use OCaml via DrScheme if that's your thing. http://coach.cs.uchicago.edu:8080/display.ss?package=drocaml.plt&owner=abromfie Just run '(require (planet abromfie/drocaml:2:0/tool))' in DrScheme and you'll then be able to select the OCaml language.","1853960","4"
"131303","Valgrind can show detailed information, but it slows down the target application significantly, and most of the time it changes the behavior of the application. Exmap was something I didn't know yet, but it seems that you need a kernel module to get the information, which can be an obstacle. I assume what everyone wants to know with respect to "memory usage" is the following... In Linux, the amount of physical memory a single process might use can be roughly divided into following categories. M.a anonymous mapped memory .p private .d dirty == malloc/mmapped heap and stack allocated and written memory .c clean == malloc/mmapped heap and stack memory once allocated, written, then freed, but not reclaimed yet .s shared .d dirty == malloc/mmaped heap could get copy-on-write and shared among processes (edited) .c clean == malloc/mmaped heap could get copy-on-write and shared among processes (edited) M.n named mapped memory .p private .d dirty == file mmapped written memory private .c clean == mapped program/library text private mapped .s shared .d dirty == file mmapped written memory shared .c clean == mapped library text shared mapped Utility included in Android called showmap is quite useful virtual shared shared private private size RSS PSS clean dirty clean dirty object -------- -------- -------- -------- -------- -------- -------- ------------------------------ 4 0 0 0 0 0 0 0:00 0 [vsyscall] 4 4 0 4 0 0 0 [vdso] 88 28 28 0 0 4 24 [stack] 12 12 12 0 0 0 12 7909 /lib/ld-2.11.1.so 12 4 4 0 0 0 4 89529 /usr/lib/locale/en_US.utf8/LC_IDENTIFICATION 28 0 0 0 0 0 0 86661 /usr/lib/gconv/gconv-modules.cache 4 0 0 0 0 0 0 87660 /usr/lib/locale/en_US.utf8/LC_MEASUREMENT 4 0 0 0 0 0 0 89528 /usr/lib/locale/en_US.utf8/LC_TELEPHONE 4 0 0 0 0 0 0 89527 /usr/lib/locale/en_US.utf8/LC_ADDRESS 4 0 0 0 0 0 0 87717 /usr/lib/locale/en_US.utf8/LC_NAME 4 0 0 0 0 0 0 87873 /usr/lib/locale/en_US.utf8/LC_PAPER 4 0 0 0 0 0 0 13879 /usr/lib/locale/en_US.utf8/LC_MESSAGES/SYS_LC_MESSAGES 4 0 0 0 0 0 0 89526 /usr/lib/locale/en_US.utf8/LC_MONETARY 4 0 0 0 0 0 0 89525 /usr/lib/locale/en_US.utf8/LC_TIME 4 0 0 0 0 0 0 11378 /usr/lib/locale/en_US.utf8/LC_NUMERIC 1156 8 8 0 0 4 4 11372 /usr/lib/locale/en_US.utf8/LC_COLLATE 252 0 0 0 0 0 0 11321 /usr/lib/locale/en_US.utf8/LC_CTYPE 128 52 1 52 0 0 0 7909 /lib/ld-2.11.1.so 2316 32 11 24 0 0 8 7986 /lib/libncurses.so.5.7 2064 8 4 4 0 0 4 7947 /lib/libdl-2.11.1.so 3596 472 46 440 0 4 28 7933 /lib/libc-2.11.1.so 2084 4 0 4 0 0 0 7995 /lib/libnss_compat-2.11.1.so 2152 4 0 4 0 0 0 7993 /lib/libnsl-2.11.1.so 2092 0 0 0 0 0 0 8009 /lib/libnss_nis-2.11.1.so 2100 0 0 0 0 0 0 7999 /lib/libnss_files-2.11.1.so 3752 2736 2736 0 0 864 1872 [heap] 24 24 24 0 0 0 24 [anon] 916 616 131 584 0 0 32 /bin/bash -------- -------- -------- -------- -------- -------- -------- ------------------------------ 22816 4004 3005 1116 0 876 2012 TOTAL","1999717","14"
"2898","First I don't want to start a war.. I haven't used TextMate but I have used its Windows equivalent, e-TextEditor and I could understand why people love it. I've also tried many text editors and IDEs in my quest in finding the perfect text editor on Linux. I've tried jEdit, vim, emacs (although I used to love when I was at uni) and various others. On Linux I've settled with gEdit. Although I do use Komodo Edit from time to time. When I'm in a hurry I use gEdit purely because it is quicker than Komodo Edit. gEdit has plenty of plugins and comes with some nice colour schemes. I reckon once gEdit has a proper code-tidy facility it'll be cool. I think the only reason I use Komodo Edit is the project file facility. I have a friend who donated his 'Vi Improved' book in the hope that he can convert me to Vim. The book is over an inch thick and completely put me off in investing time in learning Vim.. Everytime I find an editor - I always find myself going back to gEdit. It is a frills-in-the-right-places editor. Give gEdit a go, it is the default text editor in Ubuntu and Linux Mint. Here is a link to an excellent guide on how to get gEdit to look and behave (somewhat) like TextMate: http://grigio.org/pimp_my_gedit_was_textmate_linux Hope that helps.","2066036","2"
"2898","If it's just you? Use what you want to use today; switch in mid-stream if you want. Is it a team? Try to be editor-agnostic. Set standards for white-space (are tabs allowed? How many spaces does a tab represent?), but otherwise allow anyone to use whichever editor they want. Is it a team doing pair-programming? That's where you may need a team-standard editor, just so that programmers can easily pass the keyboard. To help implement a standard white-space policy in a shop where one or more coders is using Emacs: You can tell Emacs about your white-space policy with some comments stuck at the bottom of every file source file. For example, # Local Variables: # tab-width: 2 # ruby-indent-level: 2 # indent-tabs-mode: nil # End: Anyone using emacs (or xemacs) on that file will automatically get the group standard indentation.","2066166","1"
"14032","You can try ORM Designer http://www.orm-designer.com Tool is similar to DBDesigner, but has much more functions and is under everyday development.","2062935","0"
"38288","Here's the command I almost always use (adding user kevin): useradd -d /home/kevin -s /bin/bash -m kevin","2080709","34"
"17020","i give 40gb to / then how ever much ram i have i give the same to /swap then the rest to /home","2106479","1"
"1005","Here's another one that has appeared since this question was answered, a plugin called SudoEdit which provides SudoRead and SudoWrite functions, which will by default try to use sudo first and su if that fails: http://www.vim.org/scripts/script.php?script_id=2709","2163726","1"
"119390","on CentOs5: -r from@me.omg","2191361","1"
"77990","Depending on the terminal you send control seuqences. Common sequences are for example esc[;H to send the cursor to a specific position (e.g. on Ansi, Xterm, Linux, VT100). However, this will vary with the type or terminal the user has ... curses (in conjunction with the terminfo files) will wrap that information for you.","2222556","6"
"125951","http://khtml2png.sourceforge.net/ The deb file http://sourceforge.net/projects/khtml2png/files/khtml2png2/2.7.6/khtml2png_2.7.6_i386.deb/download worked on my Ubuntu after installing libkonq4 ... but you may have to cover other dependencies. I think javascript support may be better now! Stephan","2197580","1"
"118935","You can try NetBeans based OcamlIDE .","2186888","4"
"70453","If you want minimalistic, compact and fast solution (faster than Python/Ruby) then -> go for LUA scripting language :-) However Lua speed & code compactness is achieved by relativelly small Lua language core, so if you want "batteries included" (aka. very big "standard" libraries) then Lua is not for you. Otherwise, guys who come from C/C++ world very enjoys Lua speed :-) p.s. Lua vs Ruby 1.9 benchmark (you can look also Lua Vs Python 3): http://shootout.alioth.debian.org/u32/benchmark.php?test=all&lang=lua&lang2=yarv","2297198","2"
"96133","in Bash the test -a operation is for a single file. I'm guessing that in Ksh88 the test -a operation is for a single file, but doesn't complain because the other test words are an unspecified condition to the -a. you want something like for K in /etc/rc2.d/K* ; do test -a $K && echo heck-yea ; done I can say that ksh93 works just like bash in this regard. Regrettably I think the code was written poorly, my opinion, and likely a bad opinion since the root cause of the problem is the ksh88 built-in test allowing for sloppy code.","2711586","0"
"24648","I recommend you the BSD kernels! BSD kernels have far fewer hackers so following their evolution is easier. Either BSD and Linux kernels have great hackers, but some people argue that BSD lower fame filters out novice ones. Also taking design decisions is easier when the sources are not being updated 100 times a day. Among the BSD choices, my favorite one is NetBSD. It might not be the pain-free choice you want for your desktop, but because it has a strong focus on portability, the quality is quite good. I think this part say it all: Some systems seem to have the philosophy of “If it works, it's right”. In that light NetBSD's philosophy could be described as “It doesn't work unless it's right” If you have been working long enough, you will know that NetBSD is a quite joy for learning good coding. Although professionally you will find more chances with Linux Whichever choice you take, start joining their mail lists, follow the discussions. Study some patches and finally try to do your own bug-fixing. Regarding books, search for Diomidis Spinellis articles and his book . It is not exactly a kernel book, but has NetBSD examples and helps a lot to tackle large software.","2722781","4"
"176476","Sorry to unearth this old post, but it came out first in my search for the best HTML/PDF conversion tool. On Linux wkhtmltopdf is very good (takes into account CSS, among others) and GPL.","2787508","74"
"131303","Try the pmap command: sudo pmap -x","2816070","344"
"82530","Okay, this topic is somewhat outdated, but as I found it on google and have a solution this might be interesting for someone: Basically (of course) this is not possible on every http proxy but works on proxies allowing http connect on port 3690. This method is used by http proxies on port 443 to provide a way for secure https connections. If your administrator configures the proxy to open port 3690 for http connect you can setup your local machine to establish a tunnel through the proxy. I just was in the need to check out some files from svn.openwrt.org within our companies network. An easy solution to create a tunnel is adding the following line to your /etc/hosts 127.0.0.1 svn.openwrt.org Afterwards, you can use socat to create a tcp tunnel to a local port: while true; do socat tcp-listen:3690 proxy:proxy.at.your.company:svn.openwrt.org:3690; done You should execute the command as root. It opens the local port 3690 and on connection creates a tunnel to svn.openwrt.org on the same port. Just replace the port and server addresses on your own needs.","2861599","1"
"60736","If you get 403 forbidden when you hit the webserver it may be because you used a hostname that is not what you specified in your config file (ie localhost or 127.0.0.1). Try hitting https://whateveryousetasyourhostname instead...","3329059","1"
"209305","Standard procedure in middleware applications is to have a dedicated thread to service IO requests with the priority set to higher than the other application threads. When the IO thread receives a packet it enqueues it to the application layer. When the application has free time it dequeues the next packet. This is the architecture behind TIBCO Rendezvous as used in many real time market data and enterprise messaging systems. The caveat being you generally want some limit on the queue size so the application doesn't get reaped by the OOM manager. The protocol between the IO thread and the application layer can vary from simple asynchronous queue to more complicated subject filtering, priority lists, and support for thread pools to decode the incoming data in parallel.","3510851","0"
"131303","If your code is in C or C++ you might be able to use getrusage() which returns you various statistics about memory and time usage of your process. Not all platforms support this though and will return 0 values for the memory-use options. Instead you can look at the virtual file created in /proc/[pid]/statm (where [pid] is replaced by your process id. You can obtain this from getpid() ). This file will look like a text file with 7 integers. You are probably most interested in the first (all memory use) and sixth (data memory use) numbers in this file.","3666523","19"
"60763","I am completely beginner in kernel hacking :) I decided to buy two books "Linux Program Development: a guide with exercises" and "Writing Linux Device Drivers: a guide with exercises" They are very clearly written and provide good base to further learning.","3608144","1"
"15816","Found out that the vnc4server (4.1.1) shipped with Ubuntu (10.04) is patched to also support changing the resolution on the fly via xrandr. Unfortunately the feature was hard to find because it is undocumented. So here it is... Start the server with multiple 'geometry' instances, like: vnc4server -geometry 1280x1024 -geometry 800x600 From a terminal in a vncviewer (with: 'allow dymanic desktop resizing' enabled) use xrandr to view the available modes: xrandr to change the resulution, for example use: xrandr -s 800x600 Thats it.","3839759","70"
"82530","Ok, this should be really easy: $ sudo vi /etc/subversion/servers Edit the file: [Global] http-proxy-host=my.proxy.com http-proxy-port=3128 Save it, run svn again and it will work.","3789496","47"
"28588","Take a look over at the Run your own identity server page. Community-ID looks to be the most promising so far.","3867244","3"
"100170","find . -type l -printf '%p -> %l\n'","3892002","5"
"8626","The link to http://workspace.globus.org/vm/marketplace.html appears to be broken now. I think the new location is http://scienceclouds.org/marketplace/ .","4068900","1"
"78157","I've been told that after the host sends a command, MMC and SD cards "must respond within 0 to 8 bytes". However, the spec allows these cards to respond with "busy" until they have finished the operation, and apparently there is no limit to how long a card can claim to be busy (please, please tell me if there is such a limit). I see that some low-cost flash chips such as the M25P80 have a guaranteed "maximum single-sector erase time" of 3 seconds, although typically it "only" requires 0.6 seconds. That 0.6 seconds sounds suspiciously similar to your "stalling for maybe half a second". I suspect the tradeoff between cheap, slow flash chips and expensive, fast flash chips has something to do with the wide variation in USB flash drive results: http://www.testfreaks.com/blog/information/16gb-usb-drive-comparison-17-drives-compared/ http://www.tomshardware.com/reviews/data-transfer-run,1037-10.html I've heard rumors that every time a flash sector is erased and then re-programmed, it takes a little bit longer than the last time. So if you have a time-critical application, you may need to (a) test your SD cards and USB sticks to make sure they meet the minimum latency, bandwidth, etc. required by your application, and (b) peridically re-test or pre-emptively replace these memory devices.","4211588","1"
"50096","If you are connecting to the server from Windows, the Putty version of scp ("pscp") lets you pass the password with the -pw parameter. This is mentioned in the documentation here.","4310068","61"
"9279","I have the same issue. I loved winscp "keep remote directory up to date" command. However, in my quest to rid myself of Windows, I lost winscp. I did write a script that uses fileschanged and rsync to do something similar much closer to real time. How to use: Make sure you have fileschanged installed Save this script in /usr/local/bin/livesync or somewhere reachable in your $PATH and make it executable Use Nautilus to connect to the remote host (sftp or ftp) Run this script by doing livesync SOURCE DEST The DEST directory will be in /home/[username]/.gvfs/[path to ftp scp or whatever] A Couple downsides: It is slower than winscp (my guess is because it goes through Nautilus and has to detect changes through rsync as well) You have to manually create the destination directory if it doesn't already exist. So if you're adding a directory, it won't detect and create the directory on the DEST side. Probably more that I haven't noticed yet Also, do not attempt to synchronize a SRC directory named "rsyncThis". That will probably not be good :) #!/bin/sh upload_files() { if [ "$HOMEDIR" = "." ] then HOMEDIR=`pwd` fi while read input do SYNCFILE=${input#$HOMEDIR} echo -n "Sync File: $SYNCFILE..." rsync -Cvz --temp-dir="$REMOTEDIR" "$HOMEDIR/$SYNCFILE" "$REMOTEDIR/$SYNCFILE" > /dev/null echo "Done." done } help() { echo "Live rsync copy from one directory to another. This will overwrite the existing files on DEST." echo "Usage: $0 SOURCE DEST" } case "$1" in rsyncThis) HOMEDIR=$2 REMOTEDIR=$3 echo "HOMEDIR=$HOMEDIR" echo "REMOTEDIR=$REMOTEDIR" upload_files ;; help) help ;; *) if [ -n "$1" ] && [ -n "$2" ] then fileschanged -r "$1" | "$0" rsyncThis "$1" "$2" else help fi ;; esac","4378901","3"
"94486","After you have installed Gentoo — emerge vim wxGTK and read and you are ready to go! Happy coding.","4641621","1"
"118935","You can try to edit, compile and run simple Ocaml codes even online with ideone . There are also apps for mobile devices, which allows you to program/experiment with your smartphone.","4734560","0"
"38362","I know this is an old thread but found it while searching for some dotfiles. My current system is using subversion. The key thing I did was check out the working copy into ~/.svnhome/ (in hindsight should have called it .dotfiles or something more generic). I then create symlinks to the files I actual use on that computer into home. For example my .procmail and .spamassassin folders are only needed on the mail server so I don't link those on my home server. The only file that has some differences is the .bashrc file has some extra lines on my mac for macports. So at the bottom of .bashrc I have it check if .bashrc_local exists and parses that. This is the last remaining thing I have using subversion (everything else is using git aside from work). The benefit of svn is because it's not a dvcs so I don't have to worry about accidentally committing on one server and forgetting to push it. I have considered moving it to git so I could create branches. Using the above example I would have a branch for my main server that I would add the .procmail and .spamassassin folders but not have those in the master branch. But the current system has worked fine for years--before git even existed--and don't have any particular motivation to change it now.","4963407","0"
"17020","I always setup LVM on Linux, and use the following layout to start with: / = 10GB swap = 4GB /boot = 100MB /var = 5GB /home = 10GB OR remainder of drive. And then, later on if I need more space, I could simply increase /home, /var or / as needed. Since I work a lot with XEN Virtual Machines, I tend to leave the remaining space open so that I can quickly create LVM volumes for the XEN virtual machines.","5034675","2"
"60736","Afterwards, I needed to execute (within the context of the example quoted above) $ sudo chmod g+w /var/svn/$REPOS/db/rep-cache.db $ sudo chown www-data:www-data /var/svn/$REPOS/db/rep-cache.db Otherwise I kept receiving a 409 error when committing local modifications (though the commitments were server side effective, I needed to follow up with local updates)","5193555","2"
"131303","A good test of the more "real world" usage is to open the application, run vmstat -s , and check the "active memory" statistic. Close the application, wait a few seconds, and run vmstat -s again. However much active memory was freed was in evidently in use by the application.","5217434","6"
"87892","Doing socket I/O efficiently has been solved with kqueue, epoll, IO completion ports and the likes. Doing asynchronous file I/O is sort of a late comer (apart from windows' overlapped I/O and solaris early support for posix AIO). If you're looking for doing socket I/O, you're probably better off using one of the above mechanisms. The main purpose of AIO is hence to solve the problem of asynchronous disk I/O. This is most likely why Mac OS X only supports AIO for regular files, and not sockets (since kqueue does that so much better anyway). Write operations are typically cached by the kernel and flushed out at a later time. For instance when the read head of the drive happens to pass by the location where the block is to be written. However, for read operations, if you want the kernel to prioritize and order your reads, AIO is really the only option. Here's why the kernal can (theoretically) do that better than any user level application: The kernel sees all disk I/O, not just your applications disk jobs, and can order them at a global level The kernel (may) know where the disk read head is, and can pick the read jobs you pass on to it in optimal order, to move the head the shortest distance The kernel can take advantage of native command queuing to optimize your read operations further You may be able to issue more read operations per system call using lio_listio() than with readv(), especially if your reads are not (logically) contiguous, saving a tiny bit of system call overhead. Your program might be slightly simpler with AIO since you don't need an extra thread to block in a read or write call. That said, posix AIO has a quite awkward interface, for instance: The only efficient and well supported mean of event callbacks are via signals, which makes it hard to use in a library, since it means using signal numbers from the process-global signal namespace. If your OS doesn't support realtime signals, it also means you have to loop through all your outstanding requests to figure out which one actually finished (this is the case for Mac OS X for instance, not Linux). Catching signals in a multi-threaded environment also makes for some tricky restrictions. You can typically not react to the event inside the signal handler, but you have to raise a signal, write to a pipe or use signalfd() (on linux). lio_suspend() has the same issues as select() does, it doesn't scale very well with the number of jobs. lio_listio(), as implemented has fairly limited number of jobs you can pass in, and it's not trivial to find this limit in a portable way. You have to call sysconf(_SC_AIO_LISTIO_MAX), which may fail, in which case you can use the AIO_LISTIO_MAX define, which are not necessarily defined, but then you can use 2, which is defined as guaranteed to be supported. As for real-world application using posix AIO, you could take a look at lighttpd (lighty), which also posted a performance measurement when introducing support. Most posix platforms supports posix AIO by now (Linux, BSD, Solaris, AIX, tru64). Windows supports it via its overlapped file I/O. My understanding is that only Solaris, Windows and Linux truly supports async. file I/O all the way down to the driver, whereas the other OSes emulate the async. I/O with kernel threads. Linux being the exception, its posix AIO implementation in glibc emulates async operations with user level threads, whereas its native async I/O interface (io_submit() etc.) are truly asynchronous all the way down to the driver, assuming the driver supports it. I believe it's fairly common among OSes to not support posix AIO for any fd, but restrict it to regular files.","5307557","75"
"50159","On UNIX system, suppose binary (executable) name is test. Then we use the following command to list the libraries used in the test is ldd test","5727326","7"
"79490","Or you can use tuptime https://sourceforge.net/projects/tuptime/ for a total uptime time.","6330117","1"
"15816","Adding to Nathan's (accepted) answer: I wanted to cycle through the list of resolutions but didnt see anything for it: function vncNextRes() { xrandr -s $(($(xrandr | grep '^*'|sed 's@^\*\([0-9]*\).*$@\1@')+1)) > /dev/null 2>&1 || \ xrandr -s 0 } It gets the current index, steps to the next one and cycles back to 0 on error (i.e. end) EDIT Modified to match a later version of xrandr ("*" is on end of line and no leading resolution identifier). function vncNextRes() { xrandr -s $(($(xrandr 2>/dev/null | grep -n '\* *$'| sed 's@:.*@@')-2)) || \ xrandr -s 0 }","6560690","6"
"131303","#!/bin/ksh # # Returns total memory used by process $1 in kb. # # See /proc/NNNN/smaps if you want to do something # more interesting. # IFS=$'\n' for line in $(</proc/$1/smaps) do [[ $line =~ ^Size:\s+(\S+) ]] && ((kb += ${.sh.match[1]})) done print $kb","7000517","9"
"15211","svn-access-manager seems to be a great open-source web administration GUI for SVN too (and currently active ...). But I've finally adopted USVN ! This question is very similar to SVN admin management GUI tool by the way ...","7257713","1"
"15171","the information i got: /usr/local/sbin custom script meant for root /usr/local/bin custom script meant for all users including non-root chatlog snips from irc.debian.org #debian: (02:48:49) c33s: question: where is the _correct_ location, to put custom scripts for the root user (like a script on a webserver for createing everything needed for a new webuser)? is it /bin, /usr/local/bin,...? /usr/local/scripts is mentioned in (*link to this page*) (02:49:15) Hydroxide: c33s: typically /usr/local/sbin (02:49:27) Hydroxide: c33s: no idea what /usr/local/scripts would be (02:49:32) Hydroxide: it's nonstandard (02:49:53) Hydroxide: if it's a custom script meant for all users including non-root, then /usr/local/bin (02:52:43) Hydroxide: c33s: Debian follows the Filesystem Hierarchy Standard, with a very small number of exceptions, which is online in several formats at http://www.pathname.com/fhs/ (also linked from http://www.debian.org/devel/ and separately online at http://www.debian.org/doc/packaging-manuals/fhs/fhs-2.3.html) (02:53:03) Hydroxide: c33s: if you have the debian-policy package installed, it's also in several formats at /usr/share/doc/debian-policy/fhs/ on your system (02:53:37) Hydroxide: c33s: most linux distributions follow that standard, though usually less strictly and with more deviations than Debian. thanks go out to Hydroxide","7989517","37"
"50159","On Linux I use: lsof -P -T -p Application_PID This works better than ldd when the executable uses a non default loader","8176075","67"
"166744","As far for running mono, in my case for ASP.NET, I've a preference over arch linux (very popular rolling release distro, the one I use on my desktops) for development test server and ubuntu (or fedora) for production. I've started using linux on Set/2010 as my main desktop solution and as senior .NET developer right know I' feeling very comfortable on it, I'me not an expert but I already manage the majority of the required tasks to do the job using my own skills (and a lot of Googling :D). At the same time, concerning development, i still use a Windows 7 VM to run the best ever IDE for it VS2010. MonoDevelop is getting cooler but is very unstable an lack a lot of features for web development. Learning about a new OS is good. I should use what best fit to do the job: linux, windows, etc.","8165484","0"
"34588","1) Add the following line to /etc/security/limits.conf webuser hard nofile 64000 then login as webuser su - webuser 2) Edit following two files for webuser append .bashrc and .bash_profile file by running echo "ulimit -n 64000" >> .bashrc ; echo "ulimit -n 64000" >> .bash_profile 3) Log out, then log back in and verify that the changes have been made correctly: $ ulimit -a | grep open open files (-n) 64000 Thats it and them boom, boom boom.","8285278","41"
"72936","I had the same problem caused by Aptana Studio working with rails more than once. The long term solution was to avoid using aptana to create files.","8263727","0"
"15816","I'm running TigerVNC on my Linux server, which has basic randr support. I just start vncserver without any -randr or multiple -geometry options. When I run xrandr in a terminal, it displays all the available screen resolutions: bash> xrandr SZ: Pixels Physical Refresh 0 1920 x 1200 ( 271mm x 203mm ) 60 1 1920 x 1080 ( 271mm x 203mm ) 60 2 1600 x 1200 ( 271mm x 203mm ) 60 3 1680 x 1050 ( 271mm x 203mm ) 60 4 1400 x 1050 ( 271mm x 203mm ) 60 5 1360 x 768 ( 271mm x 203mm ) 60 6 1280 x 1024 ( 271mm x 203mm ) 60 7 1280 x 960 ( 271mm x 203mm ) 60 8 1280 x 800 ( 271mm x 203mm ) 60 9 1280 x 720 ( 271mm x 203mm ) 60 *10 1024 x 768 ( 271mm x 203mm ) *60 11 800 x 600 ( 271mm x 203mm ) 60 12 640 x 480 ( 271mm x 203mm ) 60 Current rotation - normal Current reflection - none Rotations possible - normal Reflections possible - none I can then easily switch to another resolution (f.e. switch to 1360x768): bash> xrandr -s 5 I'm using TightVnc viewer as the client and it automatically adapts to the new resolution.","8388065","32"
"139373","You could use the emdedded-C specific construct @ to place an object anywhere in the address space. static struct SOMESTRUCT somestruct @ 0x40000000; extern int someextint @ 0x3ffffffc; char somebuffer[77] @ 0x80000000; Assuming a 32-bit MCU.","8413428","0"
"9279","I used to have the same setup under Windows as you, that is a local filetree (versioned) and a test environment on a remote server, which I kept mirrored in realtime with WinSCP. When I switched to Mac I had to do quite some digging before I was happy, but finally ended up using: SmartSVN as my subversion client Sublime Text 2 as my editor (already used it on Windows) SFTP-plugin to ST2 which handles the uploading on save (sorry, can't post more than 2 links) I can really recommend this setup, hope it helps!","8854595","1"
"24648","Linux and Minix are fun to learn. If you also want to learn how a modern micro-kernel operating system looks like, you can look at QNX. The complete documentation is available online and it is very accessible. For example, this online book.","9113164","1"
"37851","Try GNU Batch. It looks like it supports what you need. http://www.gnu.org/software/gnubatch/","9123644","0"
"104055","$ yum install -y yum-utils $ repoquery -l packagename","9160761","79"
"125951","Not for the command line but at least for usage in batch operation for a larger set of urls you may use firefox with its addon fireshot (licensed version?). Open tabs for all urls in your set (e.g. "open tabs for all bookmarks in this folder..."). Then in fireshot launch "Capture all tabs" In the edit window then call "select all shots -> save all shots" Having set the screenshot properties (size, fileformat, etc.) before you end with a nice set of shotfiles. Steffen","9325435","1"
"50096","just generate a ssh key like: ssh-keygen -t rsa -C "your_email@youremail.com" copy the content of ~/.ssh/id_rsa.pub and lastly add it to the remote machines ~/.ssh/authorized_keys make sure remote machine have the permissions 0700 for ~./ssh folder and 0600 for ~/.ssh/authorized_keys","9386143","72"
"52187","Using the links posted in the previous answers, I coded a little example in C++ using a Virtual Serial Port. I pushed the code into GitHub: https://github.com/cymait/virtual-serial-port-example . The code is pretty self explanatory. First, you create the master process by running ./main master and it will print to stderr the device is using. After that, you invoke ./main slave device, where device is the device printed in the first command. And that's it. You have a bidirectional link between the two process. Using this example you can test you the application by sending all kind of data, and see if it works correctly. Also, you can always symlink the device, so you don't need to re-compile the application you are testing.","9446954","7"
"118935","See my post here for TypeRex , a development environment for OCaml.","9430660","2"
"34588","If some of your services are balking into ulimits, it's sometimes easier to put appropriate commands into service's init-script. For example, when Apache is reporting [alert] (11)Resource temporarily unavailable: apr_thread_create: unable to create worker thread Try to put ulimit -s unlimited into /etc/init.d/httpd . This does not require a server reboot.","9521975","8"
"100170","You can audit symlinks with the symlinks program written by Mark Lord -- it will scan an entire filesystem, normalize symlink paths to absolute form and print them to stdout.","9682527","7"
"2898","I just thought I would recommend Ninja IDE, open source and all.. I use it for all my Python development now days when I got a GUI to work with and looks the same when I am on my Windows and Linux machines. Ninja IDE","10141508","0"
"2898","I use sublime Text on linux.","10203711","18"
"52187","Use socat for this: For example: socat PTY,link=/dev/ttyS10 PTY,link=/dev/ttyS11","10555885","64"
"88","This answer mentions problems with the clock being adjusted. Both your problems guaranteeing tick units and the problems with the time being adjusted are solved in C++11 with the library. The clock std::chrono::steady_clock is guaranteed not to be adjusted, and furthermore it will advance at a constant rate relative to real time, so technologies like SpeedStep must not affect it. You can get typesafe units by converting to one of the std::chrono::duration specializations, such as std::chrono::microseconds . With this type there's no ambiguity about the units used by the tick value. However, keep in mind that the clock doesn't necessarily have this resolution. You can convert a duration to attoseconds without actually having a clock that accurate.","11211298","6"
"125951","Try nice small tool CutyCapt , which depends only on Qt and QtWebkit. ;)","11459254","40"
"52187","There is also tty0tty http://sourceforge.net/projects/tty0tty/ which is a real null modem emulator for linux. It is a simple kernel module - a small source file. I don't know why it only got thumbs down on sourceforge, but it works well for me. The best thing about it is that is also emulates the hardware pins (RTC/CTS DSR/DTR). It even implements TIOCMGET/TIOCMSET and TIOCMIWAIT iotcl commands! On a recent kernel you may get compilation errors. This is easy to fix. Just insert a few lines at the top of the module/tty0tty.c source (after the includes): #ifndef init_MUTEX #define init_MUTEX(x) sema_init((x),1) #endif When the module is loaded, it creates 4 pairs of serial ports. The devices are /dev/tnt0 to /dev/tnt7 where tnt0 is connected to tnt1, tnt2 is connected to tnt3, etc. You may need to fix the file permissions to be able to use the devices. edit: I guess I was a little quick with my enthusiasm. While the driver looks promising, it seems unstable. I don't know for sure but I think it crashed a machine in the office I was working on from home. I can't check until I'm back in the office on monday. The second thing is that TIOCMIWAIT does not work. The code seems to be copied from some "tiny tty" example code. The handling of TIOCMIWAIT seems in place, but it never wakes up because the corresponding call to wake_up_interruptible() is missing. edit: The crash in the office really was the driver's fault. There was an initialization missing, and the completely untested TIOCMIWAIT code caused a crash of the machine. I spent yesterday and today rewriting the driver. There were a lot of issues, but now it works well for me. There's still code missing for hardware flow control managed by the driver, but I don't need it because I'll be managing the pins myself using TIOCMGET/TIOCMSET/TIOCMIWAIT from user mode code. If anyone is interested in my version of the code, send me a message and I'll send it to you.","11374412","21"
"15816","I have a simple idea, something like this: #!/bin/sh echo `xrandr --current | grep current | awk '{print $8}'` >> RES1 echo `xrandr --current | grep current | awk '{print $10}'` >> RES2 cat RES2 | sed -i 's/,//g' RES2 P1RES=$(cat RES1) P2RES=$(cat RES2) rm RES1 RES2 echo "$P1RES"'x'"$P2RES" >> RES RES=$(cat RES) # Play The Game # Finish The Game with Lower Resolution xrandr -s $RES Well, I need a better solution for all display devices under Linux and Similars S.O","11648533","0"
"105212","find -L /var/www/ -type l # man find -L Follow symbolic links. When find examines or prints information about files, the information used shall be taken from the properties of the file to which the link points, not from the link itself (unless it is a broken symbolic link or find is unable to examine the file to which the link points). Use of this option implies -noleaf. If you later use the -P option, -noleaf will still be in effect. If -L is in effect and find discovers a symbolic link to a subdirectory during its search, the subdirectory pointed to by the symbolic link will be searched.","11785629","5"
"14032","You can try Base from LibreOffice . It can connect to any database and you can easily create, design and write queries using visual wizards and tools.","12171823","-4"
"40317","Couldn't find a working answer here; but on linux you can run "umount.nfs4 /volume -f" and it definitely unmounts it.","12211102","4"
"118935","Check out eclipse plugin for OCaml if you prefer to work on eclipse platform. For example, like this one: http://ocamldt.free.fr/ Other than that, starting directly from plain editors like emacs or vim is good enough for programming. Besides, it can help you to learn better about the syntax of the language and the compiling process.","12175435","1"
"149324","You can't do this with automake ... but can do with make =) Add following line to your Makefile.am : utility.$(OBJEXT) : CXXFLAGS += -Wno-unused-value See GNU Make documentation : Target-specific Variable Values for details.","12371346","17"
"131303","I'm using htop ; it's a very good console program similar to Windows Task Manager .","12797883","7"
"1005","Common Caveats The most common method of getting around the read-only file problem is to open a pipe to current file as the super-user using an implementation of sudo tee . However, all of the most popular solutions that I have found around the Internet have a combination of a several potential caveats: The entire file gets written to the terminal, as well as the file. This can be slow for large files, especially over slow network connections. The file loses its modes and similar attributes. File paths with unusual characters or spaces might not be handled correctly. Solutions To get around all of these issues, you can use the following command: " On POSIX (Linux/Mac/BSD): :silent execute 'write !sudo tee ' . shellescape(@%, 1) . ' >/dev/null' " Depending on the implementation, you might need this on Windows: :silent execute 'write !sudo tee ' . shellescape(@%, 1) . ' >NUL' These can be shortened, respectfully: :sil exec 'w !sudo tee ' . shellescape(@%, 1) . ' >/dev/null' :sil exec 'w !sudo tee ' . shellescape(@%, 1) . ' >NUL' Explanation : begins the command; you will need to type this character in normal mode to start entering a command. It should be omitted in scripts. sil[ent] suppresses output from the command. In this case, we want to stop the Press any key to continue -like prompt that appears after running the :! command. exec[ute] executes a string as a command. We can't just run :write because it won't process the necessary function call. ! represents the :! command: the only command that :write accepts. Normally, :write accepts a file path to which to write. :! on its own runs a command in a shell (for example, using bash -c ). With :write , it will run the command in the shell, and then write the entire file to stdin . sudo should be obvious, since that's why you're here. Run the command as the super-user. There's plenty of information around the 'net about how that works. tee pipes stdin to the given file. :write will write to stdin , then the super-user tee will receive the file contents and write the file. It won't create a new file--just overwrite the contents--so file modes and attributes will be preserved. shellescape() escapes special characters in the given file path as appropriate for the current shell. With just one parameter, it would typically just enclose the path in quotes as necessary. Since we're sending to a full shell command line, we'll want to pass a non-zero value as the second argument to enable backslash-escaping of other special characters that might otherwise trip up the shell. @% reads the contents of the % register, which contains the current buffer's file name. It's not necessarily an absolute path, so ensure that you haven't changed the current directory. In some solutions, you will see the commercial-at symbol omitted. Depending on the location, % is a valid expression, and has the same effect as reading the % register. Nested inside another expression the shortcut is generally disallowed, however: such as in this case. >NUL and >/dev/null redirect stdout to the platform's null device. Even though we've silenced the command, we don't want all of the overhead associated with piping stdin back to vim--best to dump it as early as possible. NUL is the null device on DOS, MS-DOS, and Windows, not a valid file. As of Windows 8 redirections to NUL don't result in a file named NUL being written. Try creating a file on your desktop named NUL, with or without a file extension: you will be unable to do so. (There are several other device names in Windows that might be worth getting to know.) ~/.vimrc Platform-Dependent Of course, you still don't want to memorize those and type them out each time. It's much easier to map the appropriate command to a simpler user command. To do this on POSIX, you could add the following line to your ~/.vimrc file, creating it if it doesn't already exist: command W silent execute 'write !sudo tee ' . shellescape(@%, 1) . ' >/dev/null' This will allow you to type the :W (case-sensitive) command to write the current file with super-user permissions--much easier. Platform-Independent I use a platform-independent ~/.vimrc file that synchronizes across computers, so I added multi-platform functionality to mine. Here's a ~/.vimrc with only the relevant settings: #!vim " Use za (not a command; the keys) in normal mode to toggle a fold. " META_COMMENT Modeline Definition: {{{1 " vim: ts=4 sw=4 sr sts=4 fdm=marker ff=unix fenc=utf-8 " ts: Actual tab character stops. " sw: Indentation commands shift by this much. " sr: Round existing indentation when using shift commands. " sts: Virtual tab stops while using tab key. " fdm: Folds are manually defined in file syntax. " ff: Line endings should always be (line feed #09). " fenc: Should always be UTF-8; #! must be first bytes, so no BOM. " General Commands: User Ex commands. {{{1 command W call WriteAsSuperUser(@%) " Write file as super-user. " Helper Functions: Used by user Ex commands. {{{1 function GetNullDevice() " Gets the path to the null device. {{{2 if filewritable('/dev/null') return '/dev/null' else return 'NUL' endif endfunction function WriteAsSuperUser(file) " Write buffer to a:file as the super user (on POSIX, root). {{{2 exec '%write !sudo tee ' . shellescape(a:file, 1) . ' >' . GetNullDevice() endfunction " }}}1 " EOF","12870763","20"
"126141","get GTK3 version: dpkg -s libgtk-3-0|grep '^Version' or just version number dpkg -s libgtk-3-0|grep '^Version' | cut -d' ' -f2-","13098607","28"
"87892","A libtorrent developer provides a report on this: http://blog.libtorrent.org/2012/10/asynchronous-disk-io/","13089893","13"
"54612","The fastest for me: dd if=/dev/sda bs=1M iflag=direct | dd of=/dev/sdb bs=1M oflag=direct reaches ~100MiB/s, whereas other options (single process, no direct, default 512b block size, ...) don't even reach 30MiB/s... To watch the progress, run in another console: watch -n 60 killall -USR1 dd","13249678","6"
"131303","Use smem , which is an alternative to ps which calculates the USS and PSS per process. You probably want the PSS. USS - Unique Set Size. This is the amount of unshared memory unique to that process (think of it as U for unique memory). It does not include shared memory. Thus this will under -report the amount of memory a process uses, but it is helpful when you want to ignore shared memory. PSS - Proportional Set Size. This is what you want. It adds together the unique memory (USS), along with a proportion of its shared memory divided by the number of processes sharing that memory. Thus it will give you an accurate representation of how much actual physical memory is being used per process - with shared memory truly represented as shared. Think of the P being for physical memory. How this compares to RSS as reported by ps and other utilities: RSS - Resident Set Size. This is the amount of shared memory plus unshared memory used by each process. If any processes share memory, this will over -report the amount of memory actually used, because the same shared memory will be counted more than once - appearing again in each other process that shares the same memory. Thus it is fairly unreliable, especially when high-memory processes have a lot of forks - which is common in a server, with things like Apache or PHP ( FastCGI /FPM) processes. Notice: smem can also (optionally) output graphs such as pie charts and the like. IMO you don't need any of that. If you just want to use it from the command line like you might use ps -A v , then you don't need to install the Python and Matplotlib recommended dependency.","13754307","148"
"50096","Use sshpass : sshpass -p "password" scp -r user@example.com:/some/remote/path /some/local/path or so the password does not show in the bash history sshpass -f "/path/to/passwordfile" scp -r user@example.com:/some/remote/path /some/local/path The above copies contents of path from the remote host to your local. Install : ubuntu/debian apt install sshpass centos/fedora yum install sshpass mac w/ macports port install sshpass mac w/ brew brew install https://raw.githubusercontent.com/kadwanev/bigboybrew/master/Library/Formula/sshpass.rb","13955428","753"
"40317","I had the same problem, and neither umount /path -f , neither umount.nfs /path -f , neither fuser -km /path , works finally I found a simple solution >.< sudo /etc/init.d/nfs-common restart , then lets do the simple umount ;-)","14048770","11"
"50096","You can use the 'expect' script on unix/terminal For example create 'test.exp' : #!/usr/bin/expect spawn scp /usr/bin/file.txt root@ :/home set pass "Your_Password" expect { password: {send "$pass\r"; exp_continue} } run the script expect test.exp I hope that helps.","14361319","24"
"9279","Well, I had the same kind of problem and it is possible using these together: rsync, SSH Passwordless Login, Watchdog (a Python sync utility) and Terminal Notifier (an OS X notification utility made with Ruby. Not needed, but helps to know when the sync has finished). I created the key to Passwordless Login using this tutorial from Dreamhost wiki: http://cl.ly/MIw5 1.1. When you finish, test if everything is ok… if you can't Passwordless Login, maybe you have to try afp mount. Dreamhost (where my site is) does not allow afp mount, but allows Passwordless Login. In terminal, type: ssh username@host.com You should login without passwords being asked :P I installed the Terminal Notifier from the Github page: http://cl.ly/MJ5x 2.1. I used the Gem installer command. In Terminal, type: gem install terminal-notifier 2.3. Test if the notification works.In Terminal, type: terminal-notifier -message "Starting sync" Create a sh script to test the rsync + notification. Save it anywhere you like, with the name you like. In this example, I'll call it ~/Scripts/sync.sh I used the ".sh extension, but I don't know if its needed. #!/bin/bash terminal-notifier -message "Starting sync" rsync -azP ~/Sites/folder/ user@host.com:site_folder/ terminal-notifier -message "Sync has finished" 3.1. Remember to give execution permission to this sh script. In Terminal, type: sudo chmod 777 ~/Scripts/sync.sh 3.2. Run the script and verify if the messages are displayed correctly and the rsync actually sync your local folder with the remote folder. Finally, I downloaded and installed Watchdog from the Github page: http://cl.ly/MJfb 4.1. First, I installed the libyaml dependency using Brew (there are lot's of help how to install Brew - like an "aptitude" for OS X). In Terminal, type: brew install libyaml 4.2. Then, I used the "easy_install command". Go the folder of Watchdog, and type in Terminal: easy_install watchdog Now, everything is installed! Go the folder you want to be synced , change this code to your needs , and type in Terminal: watchmedo shell-command --patterns="*.php;*.txt;*.js;*.css" \ --recursive \ --command='~/Scripts/Sync.sh' \ . It has to be EXACTLY this way, with the slashes and line breaks, so you'll have to copy these lines to a text editor, change the script, paste in terminal and press return. I tried without the line breaks, and it doesn't work! In my Mac, I always get an error, but it doesn't seem to affect anything: /Library/Python/2.7/site-packages/argh-0.22.0-py2.7.egg/argh/completion.py:84: UserWarning: Bash completion not available. Install argcomplete. Now, made some changes in a file inside the folder, and watch the magic!","14435664","0"
"46714","ARG_MAX is defined in /usr/include/linux/limits.h. My linux kernel version is 3.2.0-38.","14834444","1"
"131303","The below command line will give you the total memory used by the various process running on the Linux machine in MB: ps -eo size,pid,user,command --sort -size | awk '{ hr=$1/1024 ; printf("%13.2f Mb ",hr) } { for ( x=4 ; x<=NF ; x++ ) { printf("%s ",$x) } print "" }' | awk '{total=total + $1} END {print total}'","15196995","6"
"9279","lsyncd seems to be the perfect solution. it combines inotify (kernel builtin function which watches for file changes in a directory trees) and rsync (cross platform file-syncing-tool). lsyncd -rsyncssh /home remotehost.org backup-home/ Quote from github: Lsyncd watches a local directory trees event monitor interface (inotify or fsevents). It aggregates and combines events for a few seconds and then spawns one (or more) process(es) to synchronize the changes. By default this is rsync. Lsyncd is thus a light-weight live mirror solution that is comparatively easy to install not requiring new filesystems or blockdevices and does not hamper local filesystem performance.","15283061","44"
"50159","I didn't have ldd on my ARM toolchain so I used objdump: $(CROSS_COMPILE)objdump -p For instance: objdump -p /usr/bin/python: Dynamic Section: NEEDED libpthread.so.0 NEEDED libdl.so.2 NEEDED libutil.so.1 NEEDED libssl.so.1.0.0 NEEDED libcrypto.so.1.0.0 NEEDED libz.so.1 NEEDED libm.so.6 NEEDED libc.so.6 INIT 0x0000000000416a98 FINI 0x000000000053c058 GNU_HASH 0x0000000000400298 STRTAB 0x000000000040c858 SYMTAB 0x0000000000402aa8 STRSZ 0x0000000000006cdb SYMENT 0x0000000000000018 DEBUG 0x0000000000000000 PLTGOT 0x0000000000832fe8 PLTRELSZ 0x0000000000002688 PLTREL 0x0000000000000007 JMPREL 0x0000000000414410 RELA 0x0000000000414398 RELASZ 0x0000000000000078 RELAENT 0x0000000000000018 VERNEED 0x0000000000414258 VERNEEDNUM 0x0000000000000008 VERSYM 0x0000000000413534","15520982","96"
"125951","See Webkit2png . I think this is what I used in the past. Edit I discover I haven't used the above, but found this page with reviews of many different programs and techniques.","15667501","3"
"126141","To make the answer more general than Ubuntu (I have Redhat): gtk is usually installed under /usr, but possibly in other locations. This should be visible in environment variables. Check with env | grep gtk Then try to find where your gtk files are stored. For example, use locate and grep. locate gtk | grep /usr/lib In this way, I found /usr/lib64/gtk-2.0 , which contains the subdirectory 2.10.0 , which contains many .so library files. My conclusion is that I have gtk+ version 2.10. This is rather consistent with the rpm command on Redhat: rpm -qa | grep gtk2 , so I think my conclusion is right.","16231467","1"
"126141","You could also just compile the following program and run it on your machine. #include <gtk/gtk.h> #include <glib/gprintf.h> int main(int argc, char *argv[]) { /* Initialize GTK */ gtk_init (&argc, &argv); g_printf("%d.%d.%d\n", gtk_major_version, gtk_minor_version, gtk_micro_version); return(0); } compile with ( assuming above source file is named version.c): gcc version.c -o version `pkg-config --cflags --libs gtk+-2.0` When you run this you will get some output. On my old embedded device I get the following: [root@n00E04B3730DF n2]# ./version 2.10.4 [root@n00E04B3730DF n2]#","16402135","9"
"131303","If the process is not using up too much memory (either because you expect this to be the case, or some other command has given this initial indication), and the process can withstand being stopped for a short period of time, you can try to use the gcore command. gcore Check the size of the generated core file to get a good idea how much memory a particular process is using. This won't work too well if process is using hundreds of megabytes, or gigabytes, as the core generation could take several seconds or minutes to be created depending on I/O performance. During the core creation the process is stopped (or "frozen") to prevent memory changes. So be careful. Also make sure the mount point where the core is generated has plenty of disk space and that the system will not react negatively to the core file being created in that particular directory.","16432017","6"
"125951","Have a look at PhantomJS , which seems to be a free scritable Webkit engine that runs on Linux, OSX and Windows. I've not used it since we currently use Browshot (commercial solution), but when all our credits run out, we will seriously have a loot at it (since it's free and can run on our servers)","16941150","8"
"2898","Sublime Text 2 is my favorite. Intuitively understandable and quite powerful.","17087796","1"
"131303","Check out this shell script to check memory usage by application in Linux . It is also available on GitHub and in a version without paste and bc .","17202299","3"
"2898","for multiple tab text editor "medit" is the best . its like notepad++ in windows . for stylish and good looking "schite Text editor " is best .","17354547","0"
"79490","according to last manual page: The pseudo user reboot logs in each time the system is rebooted. Thus last reboot will show a log of all reboots since the log file was created. so last column of #last reboot command gives you uptime history: #last reboot reboot system boot **************** Sat Sep 21 03:31 - 08:27 (1+04:56) reboot system boot **************** Wed Aug 7 07:08 - 08:27 (46+01:19)","18943901","16"
"119390","None of these worked for me (Ubuntu 12.04) but finally with trial & error I got: echo 'my message blabla\nSecond line (optional of course)' | mail -s "Your message title" -r 'Your full name<yourSenderAdress@yourDomain.abc>' -Sreplyto="yourReplyAdressIfDifferent@domain.abc" destinatorEmail@destDomain.abc[,otherDestinator@otherDomain.abc] (all in one line, there is no space in "-Sreplyto") I got this mail command from: apt-get install mailutils","19190674","7"
"131303","I would suggest that you use atop. You can find everything about it on this page . It is capable of providing all the necessary KPI for your processes and it can also capture to a file.","19494189","5"
"52187","Complementing the @slonik's answer. You can test socat to create Virtual Serial Port doing the following procedure (tested on Ubuntu 12.04): Open a terminal (let's call it Terminal 0) and execute it: socat -d -d pty,raw,echo=0 pty,raw,echo=0 The code above returns: 2013/11/01 13:47:27 socat[2506] N PTY is /dev/pts/2 2013/11/01 13:47:27 socat[2506] N PTY is /dev/pts/3 2013/11/01 13:47:27 socat[2506] N starting data transfer loop with FDs [3,3] and [5,5] Open another terminal and write (Terminal 1): cat < /dev/pts/2 this command's port name can be changed according to the pc. it's depends on the previous output. 2013/11/01 13:47:27 socat[2506] N PTY is /dev/pts/**2** 2013/11/01 13:47:27 socat[2506] N PTY is /dev/pts/**3** 2013/11/01 13:47:27 socat[2506] N starting data transfer loop with FDs you should use the number available on highlighted area. Open another terminal and write (Terminal 2): echo "Test" > /dev/pts/3 Now back to Terminal 1 and you'll see the string "Test".","19733677","236"
"79490","Nagios can make even very beautiful diagrams about this.","20195042","0"
"100170","find /foldername -type l -exec ls -lad {} \;","20904085","1"
"30931","Try this script: needs: 1. your application icon -> $APP = FIREFOX.png 2. your mimetype icon -> application-x-$APP = HTML.png in the current directory: #BASH SCRIPT: Register_my_new_app_and_its_extension.sh APP="FOO" EXT="BAR" COMMENT="$APP's data file" # Create directories if missing mkdir -p ~/.local/share/mime/packages mkdir -p ~/.local/share/applications # Create mime xml echo "<?xml version=\"1.0\" encoding=\"UTF-8\"?> <mime-info xmlns=\"http://www.freedesktop.org/standards/shared-mime-info\"> <mime-type type=\"application/x-$APP\"> $COMMENT </mime-type> </mime-info>" > ~/.local/share/mime/packages/application-x-$APP.xml # Create application desktop echo "[Desktop Entry] Name=$APP Exec=/usr/bin/$APP %U MimeType=application/x-$APP Icon=$APP Terminal=false Type=Application Categories= Comment= "> ~/.local/share/applications/$APP.desktop # update databases for both application and mime update-desktop-database ~/.local/share/applications update-mime-database ~/.local/share/mime # copy associated icons to pixmaps cp $APP.png ~/.local/share/pixmaps cp application-x-$APP.png ~/.local/share/pixmaps make sure: FOO binary is there in /usr/bin (or in $PATH)","21085981","3"
"119390","None of the above worked for me. And it took me long to figure it out, hopefully this helps the next guy. I'm using Ubuntu 12.04 LTS with mailutils v2.1. I found this solutions somewhere on the net, don't know where, can't find it again: -aFrom:Servername-Server@mydomain.com Full Command used: cat /root/Reports/ServerName-Report-$DATE.txt | mail -s "Server-Name-Report-$DATE" myemailadress@mydomain.com -aFrom:Servername-Server@mydomain.com","21114458","4"
"50096","I found this really helpful answer here . rsync -r -v --progress -e ssh user@remote-system:/address/to/remote/file /home/user/ Not only you can pass there the password, but also it will show the progress bar when copying. Really awesome.","22007042","-11"
"176476","You might want to check out 'Document Conversion Service' by Peernet (at http://www.peernet.com/conversion-software/batch-document-converter/ ). This runs as a service on a Windows Desktop or Windows Server machine. It opens HTML documents in a web browser, then prints them through a print driver to create PDF documents, so that the PDF document produced looks exactly as if you had printed the HTML document from the browser.","22178878","0"
"74372","Here is the another solution for echo "\n" issue Steps: Find ksh package name $ rpm -qa --queryformat "%{NAME}-%{VERSION}-%{RELEASE}(%{ARCH})\n" | grep "ksh" ksh-20100621-19.el6_4.3(x86_64) uninstall ksh $ sudo yum remove ksh-20100621-19.el6_4.3.x86_64 down load pdksh-5.2.14-37.el5_8.1.x86_64.rpm (Please check OS for 32-bit or 64-bit and choose correct pkg) Install pdksh-5.2.14-37.el5_8.1.x86_64.rpm $ sudo yum -y install /SCRIPT_PATH/pdksh-5.2.14-37.el5_8.1.x86_64.rpm Output before PDKSH install $ ora_db_start_stop.sh \n============== Usage: START ==============\n\n ./ora_db_start_stop.sh START ALL \n OR \n ./ora_db_start_stop.sh START ONE_OR_MORE \n \n============== Usage: STOP ==============\n\n ./ora_db_start_stop.sh STOP ALL \n OR \n ./ora_db_start_stop.sh STOP ONE_OR_MORE \n\n After PDKSH install ============== Usage: START ./ora_db_start_stop.sh START ALL OR ./ora_db_start_stop.sh START ONE_OR_MORE ============== Usage: STOP ./ora_db_start_stop.sh STOP ALL OR ./ora_db_start_stop.sh STOP ONE_OR_MORE","22537900","1"
"50096","make sure you have "expect" tool before, if not, do it # apt-get install expect create the a script file with following content. (# vi /root/scriptfile) spawn scp /path_from/file_name user_name_here@to_host_name:/path_to expect "password:" send put_password_here\n; interact execute the script file with "expect" tool # expect /root/scriptfile","22551406","0"
"72936","I ran into this problem and tried everything. Surprisingly the solution is very simple. Dude, this is what you do: Using GUI and not the terminal 1. Move all other files in that folder to a different one with a different name 2. Move the containing directory which should have only the problematic file to trash 3 Empty trash and yes, it is that simple","23014728","0"
"119390","echo "This is the main body of the mail" | mail -s "Subject of the Email" recipent_address@example.com -- -f from_user@example.com -F "Elvis Presley" or echo "This is the main body of the mail" | mail -s "Subject of the Email" recipent_address@example.com -aFrom:"Elvis Presley<from_user@example.com>"","23095065","1"
"79490","You can use tuptime, a simple command for report the total uptime in linux keeping it betwwen reboots. http://sourceforge.net/projects/tuptime/","23121600","1"
"119390","When sending over SMTP, the mail man page advises to set the from variable, in this way (Tested on CentOS 6): mail -s Subject -S from=sender@example.com recipient@example.com You could also attach a file using the -a option: mail -s Subject -S from=sender@example.com -a path_to_attachement recipient@example.com","23472153","21"
"15816","Interestingly no one answered this. In TigerVNC, when you are logged into the session. Go to System > Preference > Display from the top menu bar ( I was using Cent OS as my remote Server). Click on the resolution drop down, there are various settings available including 1080p. Select the one that you like. It will change on the fly. Make sure you Apply the new setting when a dialog is prompted. Otherwise it will revert back to the previous setting just like in Windows","23974330","23"
"174942","strace -tfp PID will monitor the PID process's system calls, thus we can debug/monitor our process/program status.","24309424","10"
"9279","I'm using this little Ruby-Script: #!/usr/bin/env ruby #~~~~~~~~~~~~~~~~~~~~~~~~~~~~~~~~~~~~~~~~~~~~~~~~~~~~~~~~~~~~~~~~~~~~~~~~~~~~~~ # Rsyncs 2Folders # # watchAndSync by Mike Mitterer, 2014 <http://www.MikeMitterer.at> # with credit to Brett Terpstra <http://brettterpstra.com> # and Carlo Zottmann <https://github.com/carlo/haml-sass-file-watcher> # Found link on: http://brettterpstra.com/2011/03/07/watch-for-file-changes-and-refresh-your-browser-automatically/ # trap("SIGINT") { exit } if ARGV.length < 2 puts "Usage: #{$0} watch_folder sync_folder" puts "Example: #{$0} web keepInSync" exit end dev_extension = 'dev' filetypes = ['css','html','htm','less','js', 'dart'] watch_folder = ARGV[0] sync_folder = ARGV[1] puts "Watching #{watch_folder} and subfolders for changes in project files..." puts "Syncing with #{sync_folder}..." while true do files = [] filetypes.each {|type| files += Dir.glob( File.join( watch_folder, "**", "*.#{type}" ) ) } new_hash = files.collect {|f| [ f, File.stat(f).mtime.to_i ] } hash ||= new_hash diff_hash = new_hash - hash unless diff_hash.empty? hash = new_hash diff_hash.each do |df| puts "Detected change in #{df[0]}, syncing..." system("rsync -avzh #{watch_folder} #{sync_folder}") end end sleep 1 end Adapt it for your needs!","24455670","0"
"54612","if the two disks use different channel (e.g., SATA) you can use high performance tool like fastDD. The authors claim: "In this work, we reviewed the problem of reliably and efficiently copying data, recalling all the hardware and software mechanisms which intervene and interfer in the copying process. Our consideration have been coded in fastdd, a C++ program able to copy data very efficiently, as we show in our test." Moreover the tool keeps a syntax very similar to the old dd . http://www.dei.unipd.it/~zagonico/fastdd/ https://github.com/zagonico86/fastdd","24758991","2"
"105212","I knew tree was an appropriate, but I didn't have tree installed. So, I got a pretty close alternate here find ./ | sed -e 's/[^-][^\/]*\//--/g;s/--/ |-/'","25059432","5"
"131303","Note: this works 100% well only when memory consumption increases If you want to monitor memory usage by given process (or group of processed sharing common name, e.g. google-chrome , you can use my bash-script: while true; do ps aux | awk ‚{print $5, $11}’ | grep chrome | sort -n > /tmp/a.txt; sleep 1; diff /tmp/{b,a}.txt; mv /tmp/{a,b}.txt; done; this will continuously look for changes and print them.","25184004","7"
"140253","It should be possible to use a Linux filesystem image fuzzer to cause corruption: e2fuzz from e2fsprogs http://people.redhat.com/sgrubb/files/fsfuzzer-0.7.tar.gz http://projects.info-pull.com/mokb/fsfuzzer-0.6.tgz http://www.cccmz.de/~snakebyte/fsfuzzer-0.6-lmh2.tar.bz2 http://thread.gmane.org/gmane.comp.file-systems.ext4/32167 (uses zzuf) or one of the Linux disk fault injection techniques (e.g. dm-flakey in corruption mode) described in https://unix.stackexchange.com/a/144200 .","25837323","2"
"131303","While this question seems to be about examining currently running processes, I wanted to see the peak memory used by an application from start to finish. Besides Valgrind , you can use tstime , which is much simpler. It measures the "highwater" memory usage (RSS and virtual). From this answer .","26164694","2"
"87892","There is aio_write - implemented in glibc; first call of the aio_read or aio_write function spawns a number of user mode threads, aio_write or aio_read post requests to that thread, the thread does pread/pwrite and when it is finished the answer is posted back to the blocked calling thread. Ther is also 'real' aio - supported by the kernel level (need libaio for that, see the io_submit call http://linux.die.net/man/2/io_submit ); also need O_DIRECT for that (also may not be supported by all file systems, but the major ones do support it) see here: http://lse.sourceforge.net/io/aio.html http://linux.die.net/man/2/io_submit Difference between POSIX AIO and libaio on Linux?","26583735","2"
"104055","rpm -ql [packageName] Example # rpm -ql php-fpm /etc/php-fpm.conf /etc/php-fpm.d /etc/php-fpm.d/www.conf /etc/sysconfig/php-fpm ... /run/php-fpm /usr/lib/systemd/system/php-fpm.service /usr/sbin/php-fpm /usr/share/doc/php-fpm-5.6.0 /usr/share/man/man8/php-fpm.8.gz ... /var/lib/php/sessions /var/log/php-fpm No need to install yum-utils, or to know the location of the rpm file.","26711409","177"
"60736","Please write a single command on the terminal. To open the terminal please press Ctrl + Alt + T , and then type this command: $sudo apt-get install subversion","26987985","-2"
"126141","Try, apt-cache policy libgtk2.0-0 libgtk-3-0 or, dpkg -l libgtk2.0-0 libgtk-3-0","27871238","7"
"50159","On OS X by default there is no ldd , objdump or lsof . As an alternative, try otool -L : $ otool -L `which openssl` /usr/bin/openssl: /usr/lib/libcrypto.0.9.8.dylib (compatibility version 0.9.8, current version 0.9.8) /usr/lib/libssl.0.9.8.dylib (compatibility version 0.9.8, current version 0.9.8) /usr/lib/libSystem.B.dylib (compatibility version 1.0.0, current version 1213.0.0) In this example, using which openssl fills in the fully qualified path for the given executable and current user environment.","28161306","10"
"119390","Most people need to change two values when trying to correctly forge the from address on an email. First is the from address and the second is the orig-to address. Many of the solutions offered online only change one of these values. If as root, I try a simple mail command to send myself an email it might look like this. echo "test" | mail -s "a test" me@noone.com And the associated logs: Feb 6 09:02:51 myserver postfix/qmgr[28875]: B10322269D: from=<root@myserver.com>, size=437, nrcpt=1 (queue active) Feb 6 09:02:52 myserver postfix/smtp[19848]: B10322269D: to=<me@noone.com>, relay=myMTA[x.x.x.x]:25, delay=0.34, delays=0.1/0/0.11/0.13, dsn=2.0.0, status=sent (250 Ok 0000014b5f678593-a0e399ef-a801-4655-ad6b-19864a220f38-000000) Trying to change the from address with -- echo "test" | mail -s "a test" me@noone.com -- dude@thisguy.com This changes the orig-to value but not the from value: Feb 6 09:09:09 myserver postfix/qmgr[28875]: 6BD362269D: from=<root@myserver.com>, size=474, nrcpt=2 (queue active) Feb 6 09:09:09 myserver postfix/smtp[20505]: 6BD362269D: to=<me@noone>, orig_to=<dude@thisguy.com>, relay=myMTA[x.x.x.x]:25, delay=0.31, delays=0.06/0/0.09/0.15, dsn=2.0.0, status=sent (250 Ok 0000014b5f6d48e2-a98b70be-fb02-44e0-8eb3-e4f5b1820265-000000) Next trying it with a -r and a -- to adjust the from and orig-to. echo "test" | mail -s "a test" -r dude@comeguy.com me@noone.com -- dude@someguy.com And the logs: Feb 6 09:17:11 myserver postfix/qmgr[28875]: E3B972264C: from=<dude@someguy.com>, size=459, nrcpt=2 (queue active) Feb 6 09:17:11 myserver postfix/smtp[21559]: E3B972264C: to=<me@noone.com>, orig_to=<dude@someguy.com>, relay=myMTA[x.x.x.x]:25, delay=1.1, delays=0.56/0.24/0.11/0.17, dsn=2.0.0, status=sent (250 Ok 0000014b5f74a2c0-c06709f0-4e8d-4d7e-9abf-dbcea2bee2ea-000000) This is how it's working for me. Hope this helps someone.","28368999","2"
"9279","User watcher.py and rsync to automate this. Read the following step by step instructions here: http://kushellig.de/linux-file-auto-sync-directories/","28635944","1"
"15816","Perhaps the most ignorant answer I've posted but here goes: Use TigerVNC client/viewer and check 'Resize remote session to local window' under Screen tab of options. I don't know what the $%#@ TigerVNC client tells remote vncserver or xrandr or Xvnc or gnome or ... but it resizes when I change the TigerVNC Client window. My setup: Tiger VNC Server running on CentOS 6. Hosting GNOME desktop. (Works with RHEL 6.6 too) Windows some version with Tiger VNC Client. With this the resolution changes to fit the size of the client window no matter what it is, and it's not zooming , it's actual resolution change (I can see the new resolution in xrandr output). I tried all I could to add a new resolution to the xrandr, but to no avail, always end up with 'xrandr: Failed to get size of gamma for output default' error. Versions with which it works for me right now (although I've not had issues with ANY versions in the past, I just install the latest using yum install gnome-* tigervnc-server and works fine): OS: RHEL 6.6 (Santiago) VNC Server: Name : tigervnc-server Arch : x86_64 Version : 1.1.0 Release : 16.el6 # May be this is relevant.. $ xrandr --version xrandr program version 1.4.0 Server reports RandR version 1.4 $ # I start the server using vncserver -geometry 800x600 # Xvnc is started by vncserver with following args: /usr/bin/Xvnc :1 -desktop plabb13.sgdcelab.sabre.com:1 (sg219898) -auth /login/sg219898/.Xauthority -geometry 800x600 -rfbwait 30000 -rfbauth /login/sg219898/.vnc/passwd -rfbport 5901 -fp catalogue:/e tc/X11/fontpath.d -pn # I'm running GNOME (installed using sudo yum install gnome-*) Name : gnome-desktop Arch : x86_64 Version : 2.28.2 Release : 11.el6 Name : gnome-session Arch : x86_64 Version : 2.28.0 Release : 22.el6 Connect using Tiger 32-bit VNC Client v1.3.1 on Windows 7.","28777978","3"
"131303","Use the in-built System Monitor GUI tool available in Ubuntu.","29122942","-2"
"176476","You should have a look at http://phantomjs.org/ Conversion can be done by a small script rasterize.js and then issuing phantomjs rasterize.js 'http://en.wikipedia.org/w/index.php?title=Jakarta&printable=yes' jakarta.pdf","29335384","1"
"50159","Check shared library dependencies of a program executable To find out what libraries a particular executable depends on, you can use ldd command. This command invokes dynamic linker to find out library dependencies of an executable. > $ ldd /path/to/program Note that it is NOT recommended to run ldd with any untrusted third-party executable because some versions of ldd may directly invoke the executable to identify its library dependencies, which can be security risk. Instead, a safer way to show library dependencies of an unknown application binary is to use the following command. $ objdump -p /path/to/program | grep NEEDED for more info","29838991","20"
"174942","I use strace all the time to debug permission issues. The technique goes like this: $ strace -e trace=open,stat,read,write gnome-calculator Where gnome-calculator is the command that you want to run.","30034030","17"
"50096","Nobody mentioned it, but Putty scp (pscp) has a -pw option for password. Documentation can be found here: https://the.earth.li/~sgtatham/putty/0.67/htmldoc/Chapter5.html#pscp","30221357","6"
"131303","Beside the solutions listed in the answers, you can use the Linux command "top". It provides a dynamic real-time view of the running system, and it gives the CPU and memory usage for the whole system, along with for every program, in percentage: top to filter by a program PID: top -p To filter by a program name: top | grep "top" provides also some fields such as: VIRT -- Virtual Image (kb): The total amount of virtual memory used by the task RES -- Resident size (kb): The non-swapped physical memory a task has used ; RES = CODE + DATA. DATA -- Data+Stack size (kb): The amount of physical memory devoted to other than executable code, also known as the 'data resident set' size or DRS. SHR -- Shared Mem size (kb): The amount of shared memory used by a task. It simply reflects memory that could be potentially shared with other processes. Reference here .","30298898","47"
"126141","Try: dpkg-query -W libgtk-3-bin","32215303","2"
"119390","Thanks to all example providers, some worked for some not. Below is another simple example format that worked for me. echo "Sample body" | mail -s "Test email" from=sender-addrs@example.com recepient-addres@example.com","32702329","0"
"131303","Use time . Not the Bash builtin time , but the one you can find with which time , for example /usr/bin/time . Here's what it covers, on a simple ls : $ /usr/bin/time --verbose ls (...) Command being timed: "ls" User time (seconds): 0.00 System time (seconds): 0.00 Percent of CPU this job got: 0% Elapsed (wall clock) time (h:mm:ss or m:ss): 0:00.00 Average shared text size (kbytes): 0 Average unshared data size (kbytes): 0 Average stack size (kbytes): 0 Average total size (kbytes): 0 Maximum resident set size (kbytes): 2372 Average resident set size (kbytes): 0 Major (requiring I/O) page faults: 1 Minor (reclaiming a frame) page faults: 121 Voluntary context switches: 2 Involuntary context switches: 9 Swaps: 0 File system inputs: 256 File system outputs: 0 Socket messages sent: 0 Socket messages received: 0 Signals delivered: 0 Page size (bytes): 4096 Exit status: 0","33532736","99"
"52239","You can connect to the database locally using the combination of environment variables: ORACLE_HOME ORACLE_SID . Depending on your OS : Unix/Linux: export ORACLE_HOME=<oracle_home_directory_till_db_home> export PATH=$PATH:$ORACLE_HOME/bin export ORACLE_SID=<your_oracle_sid> SQLPLUS / AS SYSDBA Windows set ORACLE_HOME=<oracle_home_path_till_db_home> set PATH=%PATH%||%ORACLE_HOME%\bin set ORACLE_SID=<your_oracle_sid> SQLPLUS / AS SYSDBA Once connected, you could then alter the user to modify the password : ALTER USER username IDENTIFIED BY password;","34349844","3"
"32027","I use the following template. It allows simple building on any platform ( build on Win or ./build.sh on linux) and minimises duplication in the build scripts. The NAnt executable is stored with the project in tools\nant . The build config file determines which build tool to use, either MSBuild or xbuild (in this case, for Windows I require the VS2015 MSBuild version, change the path as required). The build-csproj build target can be reused for when you have multiple projects within a solution. The test-project target would need to be expanded upon for your needs. build.bat @tools\nant\nant.exe %* build.sh #!/bin/sh /usr/bin/cli tools/nant/NAnt.exe "$@" default.build <?xml version="1.0"?> <!-- Must not be called standalone as it requires some properties set. --> <!-- Must not be called standalone as it requires some properties set. -->","34782467","0"
"131303","Based on an answer to a related question . You may use SNMP to get the memory and CPU usage of a process in a particular device on the network :) Requirements: The device running the process should have snmp installed and running snmp should be configured to accept requests from where you will run the script below (it may be configured in file snmpd.conf ) You should know the process ID (PID) of the process you want to monitor Notes: HOST-RESOURCES-MIB::hrSWRunPerfCPU is the number of centi-seconds of the total system's CPU resources consumed by this process. Note that on a multi-processor system, this value may increment by more than one centi-second in one centi-second of real (wall clock) time. HOST-RESOURCES-MIB::hrSWRunPerfMem is the total amount of real system memory allocated to this process. Process monitoring script echo "IP address: " read ip echo "Specfiy PID: " read pid echo "Interval in seconds: " read interval while [ 1 ] do date snmpget -v2c -c public $ip HOST-RESOURCES-MIB::hrSWRunPerfCPU.$pid snmpget -v2c -c public $ip HOST-RESOURCES-MIB::hrSWRunPerfMem.$pid sleep $interval; done","34871273","0"
"176476","WeasyPrint produces nice PDFs with selectable text and hyperlinks. weasyprint input.html output.pdf If you use wkhtmltopdf instead, try the following options: wkhtmltopdf --margin-bottom 20mm --margin-top 20mm --minimum-font-size 16 ...","36924801","22"
"131303","Three more methods to try: ps aux --sort pmem It sorts the output by %MEM . ps aux | awk '{print $2, $4, $11}' | sort -k2r | head -n 15 It sorts using pipes. top -a It starts top sorting by %MEM (Extracted from here )","36991325","14"
"119390","This works on Centos7 echo "This is the main body of the mail" | mail -s "Subject of the Email" -r seneder_address@whatever.com recipent_address@example.com","37199560","1"
"15816","As this question comes up first on Google I thought I'd share a solution using TigerVNC which is the default these days. xrandr allows selecting the display modes (a.k.a resolutions) however due to modelines being hard coded any additional modeline such as "2560x1600" or "1600x900" would need to be added into the code . I think the developers who wrote the code are much smarter and the hard coded list is just a sample of values. It leads to the conclusion that there must be a way to add custom modelines and man xrandr confirms it. With that background if the goal is to share a VNC session between two computers with the above resolutions and assuming that the VNC server is the computer with the resolution of "1600x900": Start a VNC session with a geometry matching the physical display: $ vncserver -geometry 1600x900 :1 On the "2560x1600" computer start the VNC viewer (I prefer Remmina) and connect to the remote VNC session: host:5901 Once inside the VNC session start up a terminal window. Confirm that the new geometry is available in the VNC session: $ xrandr Screen 0: minimum 32 x 32, current 1600 x 900, maximum 32768 x 32768 VNC-0 connected 1600x900+0+0 0mm x 0mm 1600x900 60.00 + 1920x1200 60.00 1920x1080 60.00 1600x1200 60.00 1680x1050 60.00 1400x1050 60.00 1360x768 60.00 1280x1024 60.00 1280x960 60.00 1280x800 60.00 1280x720 60.00 1024x768 60.00 800x600 60.00 640x480 60.00 and you'll notice the screen being quite small. List the modeline (see xrandr article in ArchLinux wiki) for the "2560x1600" resolution: $ cvt 2560 1600 # 2560x1600 59.99 Hz (CVT 4.10MA) hsync: 99.46 kHz; pclk: 348.50 MHz Modeline "2560x1600_60.00" 348.50 2560 2760 3032 3504 1600 1603 1609 1658 -hsync +vsync or if the monitor is old get the GTF timings: $ gtf 2560 1600 60 # 2560x1600 @ 60.00 Hz (GTF) hsync: 99.36 kHz; pclk: 348.16 MHz Modeline "2560x1600_60.00" 348.16 2560 2752 3032 3504 1600 1601 1604 1656 -HSync +Vsync Add the new modeline to the current VNC session: $ xrandr --newmode "2560x1600_60.00" 348.16 2560 2752 3032 3504 1600 1601 1604 1656 -HSync +Vsync In the above xrandr output look for the display name on the second line: VNC-0 connected 1600x900+0+0 0mm x 0mm Bind the new modeline to the current VNC virtual monitor: $ xrandr --addmode VNC-0 "2560x1600_60.00" Use it: $ xrandr -s "2560x1600_60.00"","38630417","30"
"165212","A colleague just showed me this command line pattern for this. I always have emacs running, so that's in the example below. The perl is my contribution: sudo gdb --pid=$(pgrep emacs) --batch -ex 'call/o umask(0)' -ex 'call umask($1)' 2> /dev/null | perl -ne 'print("$1\n")if(/^\$1 = (\d+)$/)'","38861278","1"
"15816","Solution by @omiday worked for me in Xvnc TigerVNC 1.1.0, so I condensed it into a single bash function vncsize x y . Use it like this: vncsize 1400 1000 . It works for any VNC output name, "default" or "VNC-0". function vncsize { local x=$1 y=$2 local mode if mode=$(cvt "$x" "$y" 2>/dev/null) then if [[ $mode =~ "Modeline (.*)$" ]] then local newMode=${BASH_REMATCH[1]//\"/} local modeName=${newMode%% *} local newSize=( ${modeName//[\"x_]/ } ) local screen=$(xrandr -q|grep connected|cut -d' ' -f1) xrandr --newmode $newMode xrandr --addmode "$screen" "$modeName" xrandr --size "${newSize[0]}x${newSize[1]}" && return 0 else echo "Unable to parse modeline for ($x $y) from $mode" return 2 fi else echo "\`$x $y' is not a valid X Y pair" return 1 fi }","39777101","5"
"50096","You may use ssh-copy-id to add ssh key: $which ssh-copy-id #check whether it exists If exists: ssh-copy-id "user@remote-system"","40738243","11"
"104055","There are several good answers here, so let me provide a terrible one: : you can type in anything below, doesnt have to match anything yum whatprovides "me with a life" : result of the above (some liberties taken with spacing): Loaded plugins: fastestmirror base | 3.6 kB 00:00 extras | 3.4 kB 00:00 updates | 3.4 kB 00:00 (1/4): extras/7/x86_64/primary_db | 166 kB 00:00 (2/4): base/7/x86_64/group_gz | 155 kB 00:00 (3/4): updates/7/x86_64/primary_db | 9.1 MB 00:04 (4/4): base/7/x86_64/primary_db | 5.3 MB 00:05 Determining fastest mirrors * base: mirrors.xmission.com * extras: mirrors.xmission.com * updates: mirrors.xmission.com base/7/x86_64/filelists_db | 6.2 MB 00:02 extras/7/x86_64/filelists_db | 468 kB 00:00 updates/7/x86_64/filelists_db | 5.3 MB 00:01 No matches found : the key result above is that "primary_db" files were downloaded : filelists are downloaded EVEN IF you have keepcache=0 in your yum.conf : note you can limit this to "primary_db.sqlite" if you really want find /var/cache/yum -name '*.sqlite' : if you download/install a new repo, run the exact same command again : to get the databases for the new repo : if you know sqlite you can stop reading here : if not heres a sample command to dump the contents echo 'SELECT packages.name, GROUP_CONCAT(files.name, ", ") AS files FROM files JOIN packages ON (files.pkgKey = packages.pkgKey) GROUP BY packages.name LIMIT 10;' | sqlite3 -line /var/cache/yum/x86_64/7/base/gen/primary_db.sqlite : remove "LIMIT 10" above for the whole list : format chosen for proof-of-concept purposes, probably can be improved a lot","40918680","3"
"131303","/prox/xxx/numa_maps gives some info there: N0=??? N1=???. But this result might be lower than the actual result, as it only counts those which have been touched.","42036928","0"
"50159","readelf -d recursion redelf -d produces similar output to objdump -p which was mentioned at: https://stackoverflow.com/a/15520982/895245 But beware that dynamic libraries can depend on other dynamic libraries, to you have to recurse. Example: readelf -d /bin/ls | grep 'NEEDED' Sample ouptut: 0x0000000000000001 (NEEDED) Shared library: [libselinux.so.1] 0x0000000000000001 (NEEDED) Shared library: [libacl.so.1] 0x0000000000000001 (NEEDED) Shared library: [libc.so.6] Then: $ locate libselinux.so.1 /lib/i386-linux-gnu/libselinux.so.1 /lib/x86_64-linux-gnu/libselinux.so.1 /mnt/debootstrap/lib/x86_64-linux-gnu/libselinux.so.1 Choose one, and repeat: readelf -d /lib/x86_64-linux-gnu/libselinux.so.1 | grep 'NEEDED' Sample output: 0x0000000000000001 (NEEDED) Shared library: [libpcre.so.3] 0x0000000000000001 (NEEDED) Shared library: [libdl.so.2] 0x0000000000000001 (NEEDED) Shared library: [libc.so.6] 0x0000000000000001 (NEEDED) Shared library: [ld-linux-x86-64.so.2] And so on. /proc/ /maps for running processes This is useful to find all the libraries currently being used by running executables. E.g.: sudo awk '/\.so/{print $6}' /proc/1/maps | sort -u shows all currently loaded dynamic dependencies of init (PID 1 ): /lib/x86_64-linux-gnu/ld-2.23.so /lib/x86_64-linux-gnu/libapparmor.so.1.4.0 /lib/x86_64-linux-gnu/libaudit.so.1.0.0 /lib/x86_64-linux-gnu/libblkid.so.1.1.0 /lib/x86_64-linux-gnu/libc-2.23.so /lib/x86_64-linux-gnu/libcap.so.2.24 /lib/x86_64-linux-gnu/libdl-2.23.so /lib/x86_64-linux-gnu/libkmod.so.2.3.0 /lib/x86_64-linux-gnu/libmount.so.1.1.0 /lib/x86_64-linux-gnu/libpam.so.0.83.1 /lib/x86_64-linux-gnu/libpcre.so.3.13.2 /lib/x86_64-linux-gnu/libpthread-2.23.so /lib/x86_64-linux-gnu/librt-2.23.so /lib/x86_64-linux-gnu/libseccomp.so.2.2.3 /lib/x86_64-linux-gnu/libselinux.so.1 /lib/x86_64-linux-gnu/libuuid.so.1.3.0 This method also shows libraries opened with dlopen , tested with this minimal setup hacked up with a sleep(1000) on Ubuntu 18.04. See also: https://superuser.com/questions/310199/see-currently-loaded-shared-objects-in-linux/1243089","43026880","24"
"165212","Beginning with Linux kernel 4.7, the umask is available in /proc/ /status .","43066791","18"
"50159","on ubuntu print packages related to an executable ldd executable_name|awk '{print $3}'|xargs dpkg -S |awk -F ":" '{print $1}'","43207568","2"
"131303","ps -eo size,pid,user,command --sort -size | \ awk '{ hr=$1/1024 ; printf("%13.2f Mb ",hr) } { for ( x=4 ; x<=NF ; x++ ) { printf("%s ",$x) } print "" }' |\ cut -d "" -f2 | cut -d "-" -f1 Use this as root and you can get a clear output for memory usage by each process. Output example: 0.00 Mb COMMAND 1288.57 Mb /usr/lib/firefox 821.68 Mb /usr/lib/chromium/chromium 762.82 Mb /usr/lib/chromium/chromium 588.36 Mb /usr/sbin/mysqld 547.55 Mb /usr/lib/chromium/chromium 523.92 Mb /usr/lib/tracker/tracker 476.59 Mb /usr/lib/chromium/chromium 446.41 Mb /usr/bin/gnome 421.62 Mb /usr/sbin/libvirtd 405.11 Mb /usr/lib/chromium/chromium 302.60 Mb /usr/lib/chromium/chromium 291.46 Mb /usr/lib/chromium/chromium 284.56 Mb /usr/lib/chromium/chromium 238.93 Mb /usr/lib/tracker/tracker 223.21 Mb /usr/lib/chromium/chromium 197.99 Mb /usr/lib/chromium/chromium 194.07 Mb conky 191.92 Mb /usr/lib/chromium/chromium 190.72 Mb /usr/bin/mongod 169.06 Mb /usr/lib/chromium/chromium 155.11 Mb /usr/bin/gnome 136.02 Mb /usr/lib/chromium/chromium 125.98 Mb /usr/lib/chromium/chromium 103.98 Mb /usr/lib/chromium/chromium 93.22 Mb /usr/lib/tracker/tracker 89.21 Mb /usr/lib/gnome 80.61 Mb /usr/bin/gnome 77.73 Mb /usr/lib/evolution/evolution 76.09 Mb /usr/lib/evolution/evolution 72.21 Mb /usr/lib/gnome 69.40 Mb /usr/lib/evolution/evolution 68.84 Mb nautilus 68.08 Mb zeitgeist 60.97 Mb /usr/lib/tracker/tracker 59.65 Mb /usr/lib/evolution/evolution 57.68 Mb apt 55.23 Mb /usr/lib/gnome 53.61 Mb /usr/lib/evolution/evolution 53.07 Mb /usr/lib/gnome 52.83 Mb /usr/lib/gnome 51.02 Mb /usr/lib/udisks2/udisksd 50.77 Mb /usr/lib/evolution/evolution 50.53 Mb /usr/lib/gnome 50.45 Mb /usr/lib/gvfs/gvfs 50.36 Mb /usr/lib/packagekit/packagekitd 50.14 Mb /usr/lib/gvfs/gvfs 48.95 Mb /usr/bin/Xwayland :1024 46.21 Mb /usr/bin/gnome 42.43 Mb /usr/bin/zeitgeist 42.29 Mb /usr/lib/gnome 41.97 Mb /usr/lib/gnome 41.64 Mb /usr/lib/gvfs/gvfsd 41.63 Mb /usr/lib/gvfs/gvfsd 41.55 Mb /usr/lib/gvfs/gvfsd 41.48 Mb /usr/lib/gvfs/gvfsd 39.87 Mb /usr/bin/python /usr/bin/chrome 37.45 Mb /usr/lib/xorg/Xorg vt2 36.62 Mb /usr/sbin/NetworkManager 35.63 Mb /usr/lib/caribou/caribou 34.79 Mb /usr/lib/tracker/tracker 33.88 Mb /usr/sbin/ModemManager 33.77 Mb /usr/lib/gnome 33.61 Mb /usr/lib/upower/upowerd 33.53 Mb /usr/sbin/gdm3 33.37 Mb /usr/lib/gvfs/gvfsd 33.36 Mb /usr/lib/gvfs/gvfs 33.23 Mb /usr/lib/gvfs/gvfs 33.15 Mb /usr/lib/at 33.15 Mb /usr/lib/at 30.03 Mb /usr/lib/colord/colord 29.62 Mb /usr/lib/apt/methods/https 28.06 Mb /usr/lib/zeitgeist/zeitgeist 27.29 Mb /usr/lib/policykit 25.55 Mb /usr/lib/gvfs/gvfs 25.55 Mb /usr/lib/gvfs/gvfs 25.23 Mb /usr/lib/accountsservice/accounts 25.18 Mb /usr/lib/gvfs/gvfsd 25.15 Mb /usr/lib/gvfs/gvfs 25.15 Mb /usr/lib/gvfs/gvfs 25.12 Mb /usr/lib/gvfs/gvfs 25.10 Mb /usr/lib/gnome 25.10 Mb /usr/lib/gnome 25.07 Mb /usr/lib/gvfs/gvfsd 24.99 Mb /usr/lib/gvfs/gvfs 23.26 Mb /usr/lib/chromium/chromium 22.09 Mb /usr/bin/pulseaudio 19.01 Mb /usr/bin/pulseaudio 18.62 Mb (sd 18.46 Mb (sd 18.30 Mb /sbin/init 18.17 Mb /usr/sbin/rsyslogd 17.50 Mb gdm 17.42 Mb gdm 17.09 Mb /usr/lib/dconf/dconf 17.09 Mb /usr/lib/at 17.06 Mb /usr/lib/gvfs/gvfsd 16.98 Mb /usr/lib/at 16.91 Mb /usr/lib/gdm3/gdm 16.86 Mb /usr/lib/gvfs/gvfsd 16.86 Mb /usr/lib/gdm3/gdm 16.85 Mb /usr/lib/dconf/dconf 16.85 Mb /usr/lib/dconf/dconf 16.73 Mb /usr/lib/rtkit/rtkit 16.69 Mb /lib/systemd/systemd 13.13 Mb /usr/lib/chromium/chromium 13.13 Mb /usr/lib/chromium/chromium 10.92 Mb anydesk 8.54 Mb /sbin/lvmetad 7.43 Mb /usr/sbin/apache2 6.82 Mb /usr/sbin/apache2 6.77 Mb /usr/sbin/apache2 6.73 Mb /usr/sbin/apache2 6.66 Mb /usr/sbin/apache2 6.64 Mb /usr/sbin/apache2 6.63 Mb /usr/sbin/apache2 6.62 Mb /usr/sbin/apache2 6.51 Mb /usr/sbin/apache2 6.25 Mb /usr/sbin/apache2 6.22 Mb /usr/sbin/apache2 3.92 Mb bash 3.14 Mb bash 2.97 Mb bash 2.95 Mb bash 2.93 Mb bash 2.91 Mb bash 2.86 Mb bash 2.86 Mb bash 2.86 Mb bash 2.84 Mb bash 2.84 Mb bash 2.45 Mb /lib/systemd/systemd 2.30 Mb (sd 2.28 Mb /usr/bin/dbus 1.84 Mb /usr/bin/dbus 1.46 Mb ps 1.21 Mb openvpn hackthebox.ovpn 1.16 Mb /sbin/dhclient 1.16 Mb /sbin/dhclient 1.09 Mb /lib/systemd/systemd 0.98 Mb /sbin/mount.ntfs /dev/sda3 /media/n0bit4/Data 0.97 Mb /lib/systemd/systemd 0.96 Mb /lib/systemd/systemd 0.89 Mb /usr/sbin/smartd 0.77 Mb /usr/bin/dbus 0.76 Mb su 0.76 Mb su 0.76 Mb su 0.76 Mb su 0.76 Mb su 0.76 Mb su 0.75 Mb sudo su 0.75 Mb sudo su 0.75 Mb sudo su 0.75 Mb sudo su 0.75 Mb sudo su 0.75 Mb sudo su 0.74 Mb /usr/bin/dbus 0.71 Mb /usr/lib/apt/methods/http 0.68 Mb /bin/bash /usr/bin/mysqld_safe 0.68 Mb /sbin/wpa_supplicant 0.66 Mb /usr/bin/dbus 0.61 Mb /lib/systemd/systemd 0.54 Mb /usr/bin/dbus 0.46 Mb /usr/sbin/cron 0.45 Mb /usr/sbin/irqbalance 0.43 Mb logger 0.41 Mb awk { hr=$1/1024 ; printf("%13.2f Mb ",hr) } { for ( x=4 ; x<=NF ; x++ ) { printf("%s ",$x) } print "" } 0.40 Mb /usr/bin/ssh 0.34 Mb /usr/lib/chromium/chrome 0.32 Mb cut 0.32 Mb cut 0.00 Mb [kthreadd] 0.00 Mb [ksoftirqd/0] 0.00 Mb [kworker/0:0H] 0.00 Mb [rcu_sched] 0.00 Mb [rcu_bh] 0.00 Mb [migration/0] 0.00 Mb [lru 0.00 Mb [watchdog/0] 0.00 Mb [cpuhp/0] 0.00 Mb [cpuhp/1] 0.00 Mb [watchdog/1] 0.00 Mb [migration/1] 0.00 Mb [ksoftirqd/1] 0.00 Mb [kworker/1:0H] 0.00 Mb [cpuhp/2] 0.00 Mb [watchdog/2] 0.00 Mb [migration/2] 0.00 Mb [ksoftirqd/2] 0.00 Mb [kworker/2:0H] 0.00 Mb [cpuhp/3] 0.00 Mb [watchdog/3] 0.00 Mb [migration/3] 0.00 Mb [ksoftirqd/3] 0.00 Mb [kworker/3:0H] 0.00 Mb [kdevtmpfs] 0.00 Mb [netns] 0.00 Mb [khungtaskd] 0.00 Mb [oom_reaper] 0.00 Mb [writeback] 0.00 Mb [kcompactd0] 0.00 Mb [ksmd] 0.00 Mb [khugepaged] 0.00 Mb [crypto] 0.00 Mb [kintegrityd] 0.00 Mb [bioset] 0.00 Mb [kblockd] 0.00 Mb [devfreq_wq] 0.00 Mb [watchdogd] 0.00 Mb [kswapd0] 0.00 Mb [vmstat] 0.00 Mb [kthrotld] 0.00 Mb [ipv6_addrconf] 0.00 Mb [acpi_thermal_pm] 0.00 Mb [ata_sff] 0.00 Mb [scsi_eh_0] 0.00 Mb [scsi_tmf_0] 0.00 Mb [scsi_eh_1] 0.00 Mb [scsi_tmf_1] 0.00 Mb [scsi_eh_2] 0.00 Mb [scsi_tmf_2] 0.00 Mb [scsi_eh_3] 0.00 Mb [scsi_tmf_3] 0.00 Mb [scsi_eh_4] 0.00 Mb [scsi_tmf_4] 0.00 Mb [scsi_eh_5] 0.00 Mb [scsi_tmf_5] 0.00 Mb [bioset] 0.00 Mb [kworker/1:1H] 0.00 Mb [kworker/3:1H] 0.00 Mb [kworker/0:1H] 0.00 Mb [kdmflush] 0.00 Mb [bioset] 0.00 Mb [kdmflush] 0.00 Mb [bioset] 0.00 Mb [jbd2/sda5 0.00 Mb [ext4 0.00 Mb [kworker/2:1H] 0.00 Mb [kauditd] 0.00 Mb [bioset] 0.00 Mb [drbd 0.00 Mb [irq/27 0.00 Mb [i915/signal:0] 0.00 Mb [i915/signal:1] 0.00 Mb [i915/signal:2] 0.00 Mb [ttm_swap] 0.00 Mb [cfg80211] 0.00 Mb [kworker/u17:0] 0.00 Mb [hci0] 0.00 Mb [hci0] 0.00 Mb [kworker/u17:1] 0.00 Mb [iprt 0.00 Mb [iprt 0.00 Mb [kworker/1:0] 0.00 Mb [kworker/3:0] 0.00 Mb [kworker/0:0] 0.00 Mb [kworker/2:0] 0.00 Mb [kworker/u16:0] 0.00 Mb [kworker/u16:2] 0.00 Mb [kworker/3:2] 0.00 Mb [kworker/2:1] 0.00 Mb [kworker/1:2] 0.00 Mb [kworker/0:2] 0.00 Mb [kworker/2:2] 0.00 Mb [kworker/0:1] 0.00 Mb [scsi_eh_6] 0.00 Mb [scsi_tmf_6] 0.00 Mb [usb 0.00 Mb [bioset] 0.00 Mb [kworker/3:1] 0.00 Mb [kworker/u16:1]","44711589","178"
"176476","Update 2019-05 The whole process has thankfully been packed into a docker image by TheCodingMachine: https://github.com/thecodingmachine/gotenberg This makes maintenance and usage of chrome based pdf generation in production environments really smooth and hassle free. There is a new headless mode since Chrome 59. As all the other solutions really struggle with newer (or not so new anymore) CSS features like flexbox, this was in my case the only solution to produce a proper PDF output. To create a pdf from a local html file just use the following command: chrome --headless --disable-gpu --print-to-pdf file:///path/to/myfile.html . For Mac OS substitue chrome with /Applications/Google\ Chrome.app/Contents/MacOS/Google\ Chrome . The only downside I noticed so far is that (currently) you can not pass the html via stdin, but creating a temporary file is not that much of an issue. For more information see https://developers.google.com/web/updates/2017/04/headless-chrome#create_a_pdf_dom Update: As it turns out, the chrome guys will most likely provide some kind of node module for this task, which would eventually deprecate the headless mode ( https://bugs.chromium.org/p/chromium/issues/detail?id=719921 ). The best bet would be to use the node based approach using the puppeteer module as documented under https://developers.google.com/web/updates/2017/04/headless-chrome#node and print the page via the Page.printToPDF command, which enables some additional configuration, too. Of course, you can connect to the debug console websocket from any other environment than node (i.e. PHP script), too.","45671273","18"
"50159","I found this post very helpful as I needed to investigate dependencies from a 3rd party supplied library (32 vs 64 bit execution path(s)). I put together a Q&D recursing bash script based on the 'readelf -d' suggestion on a RHEL 6 distro. It is very basic and will test every dependency every time even if it might have been tested before (i.e very verbose). Output is very basic too. #! /bin/bash recurse () # Param 1 is the nuumber of spaces that the output will be prepended with # Param 2 full path to library { #Use 'readelf -d' to find dependencies dependencies=$(readelf -d ${2} | grep NEEDED | awk '{ print $5 }' | tr -d '[]') for d in $dependencies; do echo "${1}${d}" nm=${d##*/} #libstdc++ hack for the '+'-s nm1=${nm//"+"/"\+"} # /lib /lib64 /usr/lib and /usr/lib are searched children=$(locate ${d} | grep -E "(^/(lib|lib64|usr/lib|usr/lib64)/${nm1})") rc=$? #at least locate... didn't fail if [ ${rc} == "0" ] ; then #we have at least one dependency if [ ${#children[@]} -gt 0 ]; then #check the dependeny's dependencies for c in $children; do recurse " ${1}" ${c} done else echo "${1}no children found" fi else echo "${1}locate failed for ${d}" fi done } # Q&D -- recurse needs 2 params could/should be supplied from cmdline recurse "" !!full path to library you want to investigate!! redirect the output to a file and grep for 'found' or 'failed' Use and modify, at your own risk of course, as you wish.","46832161","0"
"50096","Once you set up ssh-keygen as explained above, you can do scp -i ~/.ssh/id_rsa /local/path/to/file remote@ip.com:/path/in/remote/server/ If you want to lessen typing each time, you can modify your .bash_profile file and put alias remote_scp='scp -i ~/.ssh/id_rsa /local/path/to/file remote@ip.com:/path/in/remote/server/ Then from your terminal do source ~/.bash_profile . Afterwards if you type remote_scp in your terminal it should run the scp command without password.","46843996","3"
"15816","Guys this is really simple. login via ssh into your pi execute vncserver -geometry 1200x1600 This will generate a new session :1 connect with your vnc client at ipaddress:1 Thats it.","47251869","12"
"50096","curl can be used as a alternative to scp to copy a file and it supports a password on the commandline. curl --insecure --user username:password -T /path/to/sourcefile sftp://desthost/path/","47328516","53"
"126141","This will get the version of the GTK libraries for GTK 2, 3, and 4. dpkg -l | egrep "libgtk(2.0-0|-3-0|-4)" As major versions are parallel installable, you may have several of them on your system, which is my case, so the above command returns this on my Ubuntu Trusty system: ii libgtk-3-0:amd64 3.10.8-0ubuntu1.6 amd64 GTK+ graphical user interface library ii libgtk2.0-0:amd64 2.24.23-0ubuntu1.4 amd64 GTK+ graphical user interface library This means I have GTK+ 2.24.23 and 3.10.8 installed. If what you want is the version of the development files, use: pkg-config --modversion gtk+-2.0 for GTK 2 pkg-config --modversion gtk+-3.0 for GTK 3 pkg-config --modversion gtk4 for GTK 4 (This changed because the + from GTK+ was dropped a while ago.)","47659005","2"
"119390","Here's an answer from 2018, on Debian 9 stretch. Note the -e for echo to allow newline characters, and -r for mailx to show a name along with an outgoing email address: $ echo -e "testing email via yourisp.com from command line\n\nsent on: $(date)" | mailx -r "Foghorn Leghorn <sender@yourisp.com>" -s "test cli email $(date)" -- recipient@somedomain.com Hope this helps!","49957075","1"
"168170","10 years after the question was first posted here! Now you can run .Net on Linux and iOS. The new generation of .Net is called dotnet core and is the future of the framework. https://learn.microsoft.com/en-us/dotnet/core/","50162980","2"
"131303","I am using Arch Linux and there's this wonderful package called ps_mem : ps_mem -p Example Output $ ps_mem -S -p $(pgrep firefox) Private + Shared = RAM used Swap used Program 355.0 MiB + 38.7 MiB = 393.7 MiB 35.9 MiB firefox --------------------------------------------- 393.7 MiB 35.9 MiB =============================================","51389219","25"
"105212","in case you would like to print all file contents : find . -type f -exec cat {} +","51562111","-1"
"104055","currently reopquery is integrated into dnf and yum , so typing: dnf repoquery -l <pkg-name> will list package contents from a remote repository (even for the packages that are not installed yet) meaning installing a separate dnf-utils or yum-utils package is no longer required for the functionality as it is now being supported natively. for listing installed or local ( *.rpm files) packages' contents there is rpm -ql i don't think it is possible with yum org dnf (not repoquery subcommand) please correct me if i am wrong","51822546","2"
"174942","I liked some of the answers where it reads strace checks how you interacts with your operating system. This is exactly what we can see. The system calls. If you compare strace and ltrace the difference is more obvious. $>strace -c cd Desktop Documents Downloads examples.desktop Music Pictures Public Templates Videos % time seconds usecs/call calls errors syscall ------ ----------- ----------- --------- --------- ---------------- 0.00 0.000000 0 7 read 0.00 0.000000 0 1 write 0.00 0.000000 0 11 close 0.00 0.000000 0 10 fstat 0.00 0.000000 0 17 mmap 0.00 0.000000 0 12 mprotect 0.00 0.000000 0 1 munmap 0.00 0.000000 0 3 brk 0.00 0.000000 0 2 rt_sigaction 0.00 0.000000 0 1 rt_sigprocmask 0.00 0.000000 0 2 ioctl 0.00 0.000000 0 8 8 access 0.00 0.000000 0 1 execve 0.00 0.000000 0 2 getdents 0.00 0.000000 0 2 2 statfs 0.00 0.000000 0 1 arch_prctl 0.00 0.000000 0 1 set_tid_address 0.00 0.000000 0 9 openat 0.00 0.000000 0 1 set_robust_list 0.00 0.000000 0 1 prlimit64 ------ ----------- ----------- --------- --------- ---------------- 100.00 0.000000 93 10 total On the other hand there is ltrace that traces functions. $>ltrace -c cd Desktop Documents Downloads examples.desktop Music Pictures Public Templates Videos % time seconds usecs/call calls function ------ ----------- ----------- --------- -------------------- 15.52 0.004946 329 15 memcpy 13.34 0.004249 94 45 __ctype_get_mb_cur_max 12.87 0.004099 2049 2 fclose 12.12 0.003861 83 46 strlen 10.96 0.003491 109 32 __errno_location 10.37 0.003303 117 28 readdir 8.41 0.002679 133 20 strcoll 5.62 0.001791 111 16 __overflow 3.24 0.001032 114 9 fwrite_unlocked 1.26 0.000400 100 4 __freading 1.17 0.000372 41 9 getenv 0.70 0.000222 111 2 fflush 0.67 0.000214 107 2 __fpending 0.64 0.000203 101 2 fileno 0.62 0.000196 196 1 closedir 0.43 0.000138 138 1 setlocale 0.36 0.000114 114 1 _setjmp 0.31 0.000098 98 1 realloc 0.25 0.000080 80 1 bindtextdomain 0.21 0.000068 68 1 opendir 0.19 0.000062 62 1 strrchr 0.18 0.000056 56 1 isatty 0.16 0.000051 51 1 ioctl 0.15 0.000047 47 1 getopt_long 0.14 0.000045 45 1 textdomain 0.13 0.000042 42 1 __cxa_atexit ------ ----------- ----------- --------- -------------------- 100.00 0.031859 244 total Although I checked the manuals several time, I haven't found the origin of the name strace but it is likely system-call trace, since this is obvious. There are three bigger notes to say about strace . Note 1: Both these functions strace and ltrace are using the system call ptrace . So ptrace system call is effectively how strace works. The ptrace() system call provides a means by which one process (the "tracer") may observe and control the execution of another process (the "tracee"), and examine and change the tracee's memory and registers. It is primarily used to implement breakpoint debugging and system call tracing. Note 2: There are different parameters you can use with strace , since strace can be very verbose. I like to experiment with -c which is like a summary of things. Based on -c you can select one system-call like -e trace=open where you will see only that call. This can be interesting if you are examining what files will be opened during the command you are tracing. And of course, you can use the grep for the same purpose but note you need to redirect like this 2>&1 | grep etc to understand that config files are referenced when the command was issued. Note 3: I find this very important note. You are not limited to a specific architecture. strace will blow you mind, since it can trace over binaries of different architectures.","52012215","1"
"176476","I have found Electroshot to be supportive of modern CSS features, particularly layout. This was after struggling with wkhtmltopdf showing its age in not supporting things like CSS3 . From Electroshot's features description: Electroshot uses Electron, which offers the most recent stable version of Chrome (rather than one from years ago); this means that pages render as they would in a browser... I've been able to use Bootstrap 4 to design a page, and then use Electroshot to render a PDF very closely resembling the HTML/CSS.","52395190","1"
"50159","One more option can be just read the file located at /proc/ /maps For example is the process id is 2601 then the command is cat /proc/2601/maps And the output is like 7fb37a8f2000-7fb37a8f4000 r-xp 00000000 08:06 4065647 /usr/lib/x86_64-linux-gnu/libproxy/0.4.15/modules/network_networkmanager.so 7fb37a8f4000-7fb37aaf3000 ---p 00002000 08:06 4065647 /usr/lib/x86_64-linux-gnu/libproxy/0.4.15/modules/network_networkmanager.so 7fb37aaf3000-7fb37aaf4000 r--p 00001000 08:06 4065647 /usr/lib/x86_64-linux-gnu/libproxy/0.4.15/modules/network_networkmanager.so 7fb37aaf4000-7fb37aaf5000 rw-p 00002000 08:06 4065647 /usr/lib/x86_64-linux-gnu/libproxy/0.4.15/modules/network_networkmanager.so 7fb37aaf5000-7fb37aafe000 r-xp 00000000 08:06 4065646 /usr/lib/x86_64-linux-gnu/libproxy/0.4.15/modules/config_gnome3.so 7fb37aafe000-7fb37acfd000 ---p 00009000 08:06 4065646 /usr/lib/x86_64-linux-gnu/libproxy/0.4.15/modules/config_gnome3.so 7fb37acfd000-7fb37acfe000 r--p 00008000 08:06 4065646 /usr/lib/x86_64-linux-gnu/libproxy/0.4.15/modules/config_gnome3.so 7fb37acfe000-7fb37acff000 rw-p 00009000 08:06 4065646 /usr/lib/x86_64-linux-gnu/libproxy/0.4.15/modules/config_gnome3.so 7fb37acff000-7fb37ad1d000 r-xp 00000000 08:06 3416761 /usr/lib/x86_64-linux-gnu/libproxy.so.1.0.0 7fb37ad1d000-7fb37af1d000 ---p 0001e000 08:06 3416761 /usr/lib/x86_64-linux-gnu/libproxy.so.1.0.0 7fb37af1d000-7fb37af1e000 r--p 0001e000 08:06 3416761 /usr/lib/x86_64-linux-gnu/libproxy.so.1.0.0 7fb37af1e000-7fb37af1f000 rw-p 0001f000 08:06 3416761 /usr/lib/x86_64-linux-gnu/libproxy.so.1.0.0 7fb37af1f000-7fb37af21000 r-xp 00000000 08:06 4065186 /usr/lib/x86_64-linux-gnu/gio/modules/libgiolibproxy.so 7fb37af21000-7fb37b121000 ---p 00002000 08:06 4065186 /usr/lib/x86_64-linux-gnu/gio/modules/libgiolibproxy.so 7fb37b121000-7fb37b122000 r--p 00002000 08:06 4065186 /usr/lib/x86_64-linux-gnu/gio/modules/libgiolibproxy.so 7fb37b122000-7fb37b123000 rw-p 00003000 08:06 4065186 /usr/lib/x86_64-linux-gnu/gio/modules/libgiolibproxy.so","53554914","6"
"93954","ffmpeg minimal runnable C example I have provided a full runnable example at: How to resize a picture using ffmpeg's sws_scale()?","54011874","0"
"174942","Minimal runnable example If a concept is not clear, there is a simpler example that you haven't seen that explains it. In this case, that example is the Linux x86_64 assembly freestanding (no libc) hello world: hello.S .text .global _start _start: /* write */ mov $1, %rax /* syscall number */ mov $1, %rdi /* stdout */ mov $msg, %rsi /* buffer */ mov $len, %rdx /* buffer len */ syscall /* exit */ mov $60, %rax /* syscall number */ mov $0, %rdi /* exit status */ syscall msg: .ascii "hello\n" len = . - msg GitHub upstream . Assemble and run: as -o hello.o hello.S ld -o hello.out hello.o ./hello.out Outputs the expected: hello Now let's use strace on that example: env -i ASDF=qwer strace -o strace.log -s999 -v ./hello.out arg0 arg1 cat strace.log We use: env -i ASDF=qwer to control the environment variables: https://unix.stackexchange.com/questions/48994/how-to-run-a-program-in-a-clean-environment-in-bash -s999 -v to show fuller information on the logs strace.log now contains: execve("./hello.out", ["./hello.out", "arg0", "arg1"], ["ASDF=qwer"]) = 0 write(1, "hello\n", 6) = 6 exit(0) = ? +++ exited with 0 +++ With such a minimal example, every single character of the output is self evident: execve line: shows how strace executed hello.out , including CLI arguments and environment as documented at man execve write line: shows the write system call that we made. 6 is the length of the string "hello\n" . = 6 is the return value of the system call, which as documented in man 2 write is the number of bytes written. exit line: shows the exit system call that we've made. There is no return value, since the program quit! More complex examples The application of strace is of course to see which system calls complex programs are actually doing to help debug / optimize your program. Notably, most system calls that you are likely to encounter in Linux have glibc wrappers, many of them from POSIX . Internally, the glibc wrappers use inline assembly more or less like this: How to invoke a system call via syscall or sysenter in inline assembly? The next example you should study is a POSIX write hello world: main.c #define _XOPEN_SOURCE 700 #include <unistd.h> int main(void) { char *msg = "hello\n"; write(1, msg, 6); return 0; } Compile and run: gcc -std=c99 -Wall -Wextra -pedantic -o main.out main.c ./main.out This time, you will see that a bunch of system calls are being made by glibc before main to setup a nice environment for main. This is because we are now not using a freestanding program, but rather a more common glibc program, which allows for libc functionality. Then, at the every end, strace.log contains: write(1, "hello\n", 6) = 6 exit_group(0) = ? +++ exited with 0 +++ So we conclude that the write POSIX function uses, surprise!, the Linux write system call. We also observe that return 0 leads to an exit_group call instead of exit . Ha, I didn't know about this one! This is why strace is so cool. man exit_group then explains: This system call is equivalent to exit(2) except that it terminates not only the calling thread, but all threads in the calling process's thread group. And here is another example where I studied which system call dlopen uses: https://unix.stackexchange.com/questions/226524/what-system-call-is-used-to-load-libraries-in-linux/462710#462710 Tested in Ubuntu 16.04, GCC 6.4.0, Linux kernel 4.4.0.","55397255","9"
"176476","You can install the free Calibre, and use the ebook-convert command line utility it has, to convert many html documents into a single epub, or pdf. https://manual.calibre-ebook.com/generated/en/ebook-convert.html Idea comes from here I haven't used it, but this npm module wraps this process up like my following bash script, but probably better ;-) For me, on my mac, I use the following bash script to convert a local html website to a PDF: convert_html_to_pdf.sh function show_help() { ME=$(basename $0) IT=$(cat <<EOF Converts an html file to pdf, epub, mobi or more if you look! usage: input.html output.{pdf|epub|mobi} e.g. $ME index.html output.pdf Note: Requires Calibre be installed. more info here: https://ebooks.stackexchange.com/a/6285 EOF ) echo "$IT" exit } if [ "$1" == "help" ] then show_help fi if [ "$1" == "--help" ] then show_help fi /Applications/calibre.app/Contents/MacOS/ebook-convert $1 $2 --max-levels=1","55436923","3"
"176476","An alternative solution that hasn't been answered here is to use an API. That advantage of them is that you externalize the resources needed for the job and have an up-to-date service that implements the recent features (no needs to update the code or install bugfixes). For instance, with PDFShift , you can do that with a single POST request at: POST https://api.pdfshift.io/v2/convert/ And passing the "source" (either an URL or a raw HTML code), and you'll get back a PDF in binary. (Disclaimer: I work at PDFShift). Here's a code sample in Python: import requests response = requests.post( 'https://api.pdfshift.io/v2/convert/', auth=('user_api_key', ''), json={"source": "https://en.wikipedia.org/wiki/PDF", "landscape": False, "use_print": False} ) response.raise_for_status() with open('wikipedia.pdf', 'wb') as f: f.write(response.content) And your PDF will be located at ./wikipedia.pdf","55592265","1"
"79490","Since I haven't found an answer here that would help retroactively, maybe this will help someone. kern.log (depending on your distribution) should log a timestamp. It will be something like: 2019-01-28T06:25:25.459477+00:00 someserver kernel: [44114473.614361] somemessage "44114473.614361" represents seconds since last boot, from that you can calculate the uptime without having to install anything.","55663620","1"
"9279","If you are developing python on remote server, Pycharm may be a good choice to you. You can synchronize your remote files with your local files utilizing pycharm remote development feature. The guide link as: https://www.jetbrains.com/help/pycharm/creating-a-remote-server-configuration.html","56051542","0"
"9279","Great question I have searched answer for hours ! I have tested lsyncd and the problem is that the default delay is far too long and no example command line give the -delay option. Other problem is that by default rsync ask password each time ! Solution with lsyncd : lsyncd --nodaemon -rsyncssh local_dir remote_user@remote_host remote_dir -delay .2 other way is to use inotify-wait in a script : while inotifywait -r -e modify,create,delete local_dir ; do # if you need you can add wait here rsync -avz local_dir remote_user@remote_host:remote_dir done For this second solution you will have to install inotify-tools package To suppress the need to enter password at each change, simply use ssh-keygen : https://superuser.com/a/555800/510714","56717832","2"
"119390","For CentOS here is the working command : mail -s Subject -S from=sender@example.com recipient@example.com","57725753","1"
"50096","All the solutions mentioned above can work only if you the app installed or you should have the admin rights to install except or sshpass. I found this very useful link to simply start the scp in Background. $ nohup scp file_to_copy user@server:/path/to/copy/the/file > nohup.out 2>&1 https://charmyin.github.io/scp/2014/10/07/run-scp-in-background/","57807535","-6"
"174942","Here's some examples of how I use strace to dig into websites. Hope this is helpful. Check for time to first byte like so: time php index.php > timeTrace.txt See what percentage of actions are doing what. Lots of lstat and fstat could be an indication that it's time to clear the cache: strace -s 200 -c php index.php > traceLstat.txt Outputs a trace.txt so you can see exactly what calls are being made. strace -Tt -o Fulltrace.txt php index.php Use this to check on whether anything took between .1 to .9 of a second to load: cat Fulltrace.txt | grep "[<]0.[1-9]" > traceSlowest.txt See what missing files or directories got caught in the strace . This will output a lot of stuff involving our system - the only relevant bits involve the customer's files: strace -vv php index.php 2>&1 | sed -n '/= -1/p' > traceFailures.txt","57975436","4"
"50096","Here's a poor man's Linux/Python/Expect-like example based on this blog post: Upgrading simple shells to fully interactive TTYs . I needed this for old machines where I can't install Expect or add modules to Python. Code: ( echo 'scp jmudd@mysite.com:./install.sh .' sleep 5 echo 'scp-passwd' sleep 5 echo 'exit' ) | python -c 'import pty; pty.spawn("/usr/bin/bash")' Output: scp jmudd@mysite.com:install.sh . bash-4.2$ scp jmudd@mysite.com:install.sh . Password: install.sh 100% 15KB 236.2KB/s 00:00 bash-4.2$ exit exit","59252427","3"
"176476","Here is a nice easy-to-install version of headless Chrome: https://www.npmjs.com/package/chrome-headless-render-pdf Unlike "standard" headless chrome, this does not show the annoying auto-generated headers and footers! Or there is unoconv (which uses LibreOffice behind the scenes) can make pdfs from html: unoconv -f pdf mypage.html You can install it on most Linux flavours via the package manager, e.g. apt-get install unoconv That's nice and easy for simple files. If you need javascript of css support, then use headless Chrome.","61090446","0"
"106201","If you need server glx version 1.2 the free version of Xming (Mesa 2007) works fine. But if your application needs version 1.4, example qt5, the X Server from Cygwin works free to run it use this commands: [On server] sudo vi /etc/ssh/ssh_config Add: X11Forwarding yes X11DisplayOffset 10 X11UseLocalHost no AllowTcpForwarding yes TCPKeepAlive yes ClientAliveInterval 30 ClientAliveCountMax 10000 sudo vi ~/.bashrc Add: export DISPLAY=ip_from_remote:0 Now restart ssh server [On Client slide] Install Cygwin64 (with support to X package) after that run this command: d:\cygwin64\bin\run.exe --quote /usr/bin/bash.exe -l -c "cd; /usr/bin/xinit /etc/X11/xinit/startxwinrc -- /usr/bin/XWin :0 -ac -multiwindow -listen tcp" Now execute ssh client: d:\cygwin64\bin\mintty.exe -i /Cygwin-Terminal.ico -e /usr/bin/ssh -Y user_name@ip_from_server","61294376","0"
"79490","Use Syslog For anyone coming here searching for their past uptime. The solution of @1800_Information is a good advise for the future, but I needed to find information for my past uptimes on a specific date. Therefore I used syslog to determine when that day the system was started (first log entry of that day) and when the system was shutdown again. Boot time To get the system start time grep for the month and day and show only the first lines: sudo grep "May 28" /var/log/syslog* | head Shutdown time To get the system shutdown time grep for the month and day and show only the last few lines: sudo grep "May 28" /var/log/syslog* | tail","62146140","1"
"176476","I have started to put together a tool to provide a simplified interface to common actions. You can convert an HTML to a PDF like this: $ npm install @lancejpollard/act -g $ act convert tmp/index.html -o tmp/index.pdf -w 2000px -h 3000px This will create a new PDF for the HTML file. If nothing else check out the source and see how to write your own script to do this in JavaScript.","63046047","0"
"126141","Because apt-cache policy will list all the matches available, even if not installed, I would suggest using this command for a more manageable shortlist of GTK-related packages installed on your system: apt list --installed libgtk*","63590934","3"
"50159","If you don't care about the path to the executable file - ldd `which ` # back quotes, not single quotes","63699024","2"
"189906","On ubuntu installing pkg-config libtool libssl-dev ( sudo apt install -y pkg-config libtool libssl-dev ) solved the problem for me...","63847971","0"
"126141","This isn't so difficult. Just check your gtk+ toolkit utilities version from terminal: gtk-launch --version","63867633","72"
"50096","Make sure password authentication is enabled on the target server. If it runs Ubuntu, then open /etc/ssh/sshd_config on the server, find lines PasswordAuthentication=no and comment all them out (put # at the start of the line), save the file and run sudo systemctl restart ssh to apply the configuration. If there is no such line then you're done. Add -o PreferredAuthentications="password" to your scp command, e.g.: scp -o PreferredAuthentications="password" /path/to/file user@server:/destination/directory","63877892","2"
"50096","In case if you observe a strict host key check error then use -o StrictHostKeyChecking=no -o UserKnownHostsFile=/dev/null options. The complete example is as follows sshpass -p "password" scp -o StrictHostKeyChecking=no -o UserKnownHostsFile=/dev/null root@domain-name.com:/tmp/from/psoutput /tmp/to/psoutput","65111598","-2"
"131303","Given some of the answers (thanks thomasrutter), to get the actual swap and RAM for a single application, I came up with the following, say we want to know what 'firefox' is using sudo smem | awk '/firefox/{swap += $5; pss += $7;} END {print "swap = "swap/1024" PSS = "pss/1024}' Or for libvirt; sudo smem | awk '/libvirt/{swap += $5; pss += $7;} END {print "swap = "swap/1024" PSS = "pss/1024}' This will give you the total in MB like so; swap = 0 PSS = 2096.92 swap = 224.75 PSS = 421.455 Tested on ubuntu 16.04 through 20.04.","65277087","3"
"176476","wkhtmltopdf and wkhtmltoimage are open source (LGPLv3) command line tools to render HTML into PDF and various image formats using the Qt WebKit rendering engine. These run entirely "headless" and do not require a display or display service. How to use it? Download a precompiled binary or build from source https://wkhtmltopdf.org/downloads.html https://github.com/wkhtmltopdf/wkhtmltopdf Create your HTML document that you want to turn into a PDF (or image) Run your HTML document through the tool. Usage: wkhtmltopdf input.html output_name.pdf","65463703","0"
"176476","I often get very good results when using the ebook-convert command line tool that ships with Calibre . ebook-convert <input.html> <output.pdf> Check the numerous options for tweaking in the manual . For example, it is possible to automatically generate a table of contents based on H1 / H2 /... headlines (or anything using XPath expressions, basically). Please note: Calibre focuses on digital documents and I don't know how well ebook-convert works for very complicated HTML. Worth a try though. :-)","67034856","0"
"50096","copy files from one server to other server ( on scripts) Install putty on ubuntu or other Linux machines. putty comes with pscp. we can copy files with pscp. apt-get update apt-get install putty echo n | pscp -pw "Password@1234" -r user_name@source_server_IP:/copy_file_path/files /path_to_copy/files For more options see pscp help.","67064479","0"
"100170","To any programmers looking here (cmdline tool questions probably should instead go to unix.stackexchange.com nowadays): You should know that the Linux/BSD function fts_open() gives you an easy-to-use iterator for traversing all sub directory contents while also detecting such symlink recursions. Most command line tools use this function to handle this case for them. Those that don't often have trouble with symlink recursions because doing this "by hand" is difficult (any anyone being aware of it should just use the above function instead).","68560106","0"
"50096","You can use below steps. This works for me! Step1- create a normal file suppose " fileWithScpPassword " which contains the ssh password for the destination server. Step2- use sshpaas -f followed by password file name and then normal scp command. sshpass -f "fileWithScpPassword" scp /filePathToUpload user@ip:/destinationPath/","68999260","-2"
"46714","For the edification of future people like myself who find themselves here after a web search for " arg_max posix ", here is a demonstration of the POSIXly-correct method for discerning ARG_MAX on your system that Thomas Kammeyer refers to in his answer: cc -x c <(echo ' #include <unistd.h> #include <stdio.h> int main() { printf("%li\n", sysconf(_SC_ARG_MAX)); } ') This uses the process substitution feature of Bash; put the same lines in a file and run cc thefile.c if you are using some other shell. Here's the output for macOS 10.14: $ ./a.out 262144 Here's the output for a RHEL 7.x system configured for use in an HPC environment: $ ./a.out 4611686018427387903 $ ./a.out | numfmt --to=iec-i # 'numfmt' from GNU coreutils 4.0Ei For contrast, here is the method prescribed by https://porkmail.org/era/unix/arg-max.html , which uses the C preprocessor: cpp <<HERE | tail -1 #include <limits.h> ARG_MAX HERE This does not work on Linux for reasons still not entirely clear to me—I am not a systems programmer and not conversant in the POSIX or ISO specs—but probably explained above.","69613612","1"
"52187","$ socat -d -d pty,link=/tmp/vserial1,raw,echo=0 pty,link=/tmp/vserial2,raw,echo=0 Will generate symlinks of /tmp/vserial1 and /tmp/vserial2 for generated virtual serial ports in /dev/pts/* Resource","70152395","6"
"50096","One easy way I do this: Use the same scp cmd as you use with ssh keys i.e scp -C -i <path_to opens sshkey> <'local file_path'> user@<ip_address_VM>: <'remote file_path’> for transferring file from local to remote but instead of providing the correct <path_to_opensshkey>, use some garbage path. Due to wrong key path you will be asked for password instead and you can simply pass the password now to get the work done!","72019549","-2"
"28588","The above answers all seem to contains dead links. This seems be a possible solution which is still working: https://simpleid.org/","72232344","0"
"30931","This is all existing answers combined, completed and corrected into a single bash script. #!/bin/bash set -e # stop on error APP=my-app EXT=my-app COMMENT=Comment EXEC=/usr/bin/my-app LOGO=./logo.png xdg-icon-resource install --context mimetypes --size 48 $LOGO application-x-$APP echo "<?xml version=\"1.0\" encoding=\"UTF-8\"?> <mime-info xmlns=\"http://www.freedesktop.org/standards/shared-mime-info\"> <mime-type type=\"application/x-$APP\"> $COMMENT </mime-type> </mime-info>" > $APP-mime.xml xdg-mime install $APP-mime.xml rm $APP-mime.xml update-mime-database $HOME/.local/share/mime echo "[Desktop Entry] Name=$APP Exec=$EXEC %U MimeType=application/x-$APP Icon=application-x-$APP Terminal=false Type=Application Categories= Comment=$COMMENT "> $APP.desktop desktop-file-install --dir=$HOME/.local/share/applications $APP.desktop rm $APP.desktop update-desktop-database $HOME/.local/share/applications xdg-mime default $APP.desktop application/x-$APP Note that this solution is for local user installation. This is how you'd do it for system-wide installation: set -e install -D -m 0755 $APP /usr/bin/$APP install -D -m 0644 assets/$APP.png /usr/share/icons/hicolor/48x48/mimetypes/application-x-$APP.png install -D -m 0644 assets/$APP-mime.xml /usr/share/mime/packages/ install -D -m 0644 assets/$APP.desktop /usr/share/applications/ umask 0022 # Depending on your distribution, also run: update-mime-database /usr/share/mime update-desktop-database /usr/share/applications gtk-update-icon-cache -f -t /usr/share/icons/hicolor","73411313","0"
"52187","Combining all other amazingly useful answers, I found the below command to be VERY useful for testing on different types of Linux distros where there's no guarantee you're going to get the same /dev/pts/#'s every time and/or you need to test multiple psuedo serial devices and connections at once. parallel 'i="{1}"; socat -d -d pty,raw,echo=0,link=$HOME/pty{1} pty,raw,echo=0,link=$HOME/pty$(($i+1))' ::: $(seq 0 2 3;) Breaking this down: parallel runs the same command for each argument supplied to it. So for example if we run it with the --dryrun flag it gives us: i="0"; socat -d -d pty,raw,echo=0,link=$HOME/pty0 pty,raw,echo=0,link=$HOME/pty$(($i+1)) i="2"; socat -d -d pty,raw,echo=0,link=$HOME/pty2 pty,raw,echo=0,link=$HOME/pty$(($i+1)) This is due to the $(seq x y z;) at the end, where x = start #, y = increment by, and z = end # (or # of devices you need to spawn) parallel 'i="{1}"; echo "make psuedo_devices {1} $(($i+1))"' ::: $(seq 0 2 3;) Outputs: make psuedo_devices 0 1 make psuedo_devices 2 3 Gathering all this together the final above command symlinks the proper psuedo devices together regardless of whats in /dev/pts/ to whatever directory supplied to socat via the link flag. pstree -c -a $PROC_ID gives: perl /usr/bin/parallel i="{1}"; socat -d -d pty,raw,echo=0,link=$HOME/pty{1} pty,raw,echo=0,link=$HOME/pty$(($i+1)) ::: 0 2 ├─bash -c i="0"; socat -d -d pty,raw,echo=0,link=$HOME/pty0 pty,raw,echo=0,link=$HOME/pty$(($i+1)) │ └─socat -d -d pty,raw,echo=0,link=/home/user/pty0 pty,raw,echo=0,link=/home/user/pty1 └─bash -c i="2"; socat -d -d pty,raw,echo=0,link=$HOME/pty2 pty,raw,echo=0,link=$HOME/pty$(($i+1)) └─socat -d -d pty,raw,echo=0,link=/home/user/pty2 pty,raw,echo=0,link=/home/user/pty3 ls -l $HOME/pty* yield: lrwxrwxrwx 1 user user 10 Sep 7 11:46 /home/user/pty0 -> /dev/pts/4 lrwxrwxrwx 1 user user 10 Sep 7 11:46 /home/user/pty1 -> /dev/pts/6 lrwxrwxrwx 1 user user 10 Sep 7 11:46 /home/user/pty2 -> /dev/pts/7 lrwxrwxrwx 1 user user 10 Sep 7 11:46 /home/user/pty3 -> /dev/pts/8 This was all because I was trying running tests against a platform where I needed to generated a lot of mach-serial connections and to test their input/output via containerization (Docker). Hopefully someone finds it useful.","73639043","3"
"50096","Working fine with powershell and Posh-SSH. Powershell core should be supported Import-Module "C:\tmp\Posh-SSH\3.0.8\Posh-SSH.psd1" # https://github.com/darkoperator/Posh-SSH/releases # Connect with pubkey authentication, providing the Passphrase non-interactive, and accepting any remote pubkey $sftpSession = New-SFTPSession -ComputerName example.com -Credential $keyFilePassphrase -KeyFile "C:\Path\To\private_key" -AcceptKey # Write file to remote Set-SFTPItem -SessionId $sftpSession.SessionID -Path C:\tmp\test.txt -Destination "/home/user/" You could also use expect: #!/usr/bin/expect spawn scp user@host:/source user@host2:/target expect "password" send -- "$PASSWORD\n" interact Install expect and run the script sudo apt install expect -y chmod +x /usr/local/bin/update-file.exp /usr/local/bin/update-file.exp","75333392","0"
"50159","For the directly linked libs (what you usually need): objdump --private-headers [BINARY] | grep 'NEEDED' | cut --delimiter=' ' --fields=18- For all : ldd [BINARY] | cut --fields=2 | cut --delimiter=' ' --fields=1 | rev | cut --delimiter='/' --fields=1 | rev | sort --unique --version-sort","75356038","1"
"9279","I have been using WinSCP on Wine for a few years now and it works fine for the syncing operations you mention. Here are some instructions I posted to Github on how to setup via wine: WinSCP_On_Wine Just be aware that WinSCP is not being actively tested on wine so there may be some quirky issues. however, I use it daily on Ubuntu 20.04 for all my devops and have never lost a file and rarely experience any of such quirks.","75440004","1"
"126141","To compile and link a GTK program with pkg-config , we need the library name instead of the actual version number. For example, the following command compiles and links a GTK program that uses the GTK4 library: gcc -o program program.c `pkg-config --cflags --libs gtk4` To obtain the library name for GTK, use the following command: pkg-config --list-all | grep gtk","75488216","1"
"50096","Since not using key based auth isn't in the title, the following steps will help users who can switch to key based auth. It skips passwords for scp and ssh. Copy your ssh public key to the server (careful about not overwriting authorized keys) scp ~/.ssh/id_rsa.pub user@remoteIP:~/.ssh/authorized_keys Change the permissions: chmod 600 authorized_keys Follow a guide like this for more details: https://idratherbewriting.com/jekylldoctheme-separate-outputs/mydoc/mydoc_no_password_prompts_scp.html","76046637","-1"
"165212","At least with Kernel 4.18, there is an option to search the status proc file: grep Umask /proc/ /status","76226739","1"
"149324","To disable a particular warning in a specific compilation unit, you can use #pragma GCC diagnostic ignored -W... , as described in the GCC documentation .","76399952","0"
"126141","I think the easiest way is to use rpm -q gtk4 and then replace the 4 with a 3 if you want the GTK3 version.","76401683","0"
"131303","I found heaptrack much easier to use than valgrind. sudo apt install heaptrack heaptrack_gui heaptrack my-program args heaptrack_gui *.zst","77526464","0"
